id;nom;metier;ville;sud_est;taille;groupe;derniere_commande;jours_depuis_derniere_commande;panier_moyen_eur;commandes_12_mois;clients_finaux;a_achete_tshirts_ete_2025;clientele_exposee;opposition_prospection;dans_la_cible
R0001;Les Fils d'Cardinal;brodeur;Troyes;non;moyen;actif;2026-05-30;2;797;93;"brasseries et bars ; associations";oui;oui;non;non
R0002;Atelier des Volcans;brodeur;Saint-Étienne;oui;petit;actif;2026-05-19;13;249;52;"associations ; clubs sportifs";oui;oui;non;non
R0003;Les Fils d'Ocre;brodeur;Bayonne;non;moyen;actif;2026-05-30;2;555;77;"associations ; clubs sportifs";oui;oui;non;non
R0004;Agence Trait d'Union Nantes;agence;Nantes;non;petit;dormant;2026-02-28;93;245;43;"clubs sportifs ; entreprises";oui;oui;non;non
R0005;Atelier Granit Vannes;sérigraphe;Vannes;non;petit;actif;2026-05-30;2;272;51;"clubs sportifs ; festivals";oui;oui;non;non
R0006;Les Fils d'Indigo;brodeur;Reims;non;moyen;dormant;2025-07-17;319;534;16;"festivals ; collectivités";oui;oui;non;non
R0007;Marquage Solstice Clermont-Ferrand;sérigraphe;Clermont-Ferrand;non;moyen;actif;2026-05-31;1;554;117;"clubs sportifs ; entreprises";oui;oui;non;non
R0008;Imprim'Horizon;sérigraphe;Nancy;non;moyen;dormant;2025-08-02;303;727;14;"clubs sportifs ; brasseries et bars";oui;oui;non;non
R0009;Imprim'Tandem;sérigraphe;Toulouse;non;petit;dormant;2026-01-31;121;363;22;"clubs sportifs ; associations";non;oui;non;non
R0010;Point Alizé Luxembourg;brodeur;Luxembourg;non;petit;dormant;2025-07-12;324;443;4;"clubs sportifs ; entreprises";non;oui;non;non
R0011;Collectif Grand Angle;agence;Strasbourg;non;petit;actif;2026-05-29;3;207;52;"entreprises ; festivals";oui;oui;non;non
R0012;Atelier Cardinal;sérigraphe;Troyes;non;grand;actif;2026-05-29;3;1190;250;"brasseries et bars ; entreprises";oui;oui;non;oui
R0013;Les Fils d'Zénith;brodeur;Strasbourg;non;petit;actif;2026-05-29;3;252;37;"associations ; collectivités";oui;non;non;non
R0014;Textiprint Bleu Marine;imprimeur;Lyon;oui;moyen;actif;2026-05-31;1;760;104;"festivals ; associations";oui;oui;non;non
R0015;Atelier Cardinal Grenoble;sérigraphe;Grenoble;oui;moyen;dormant;2025-11-18;195;478;61;"collectivités ; festivals";oui;oui;non;non
R0016;Séri'Éclat;sérigraphe;Nantes;non;petit;dormant;2026-03-28;65;249;37;"associations ; collectivités";oui;non;non;non
R0017;Atelier Kaolin;sérigraphe;Avignon;oui;moyen;dormant;2026-02-04;117;863;62;"entreprises ; brasseries et bars";oui;oui;non;non
R0018;Atelier Mistral Metz;brodeur;Metz;non;petit;actif;2026-05-25;7;182;33;"festivals ; associations";oui;oui;non;non
R0019;Imprim'Loire Pau;sérigraphe;Pau;non;petit;dormant;2025-08-19;286;323;9;"clubs sportifs ; festivals";oui;oui;non;non
R0020;Atelier Ubac;brodeur;Brest;non;petit;actif;2026-05-25;7;220;40;"associations ; entreprises";oui;non;non;non
R0021;Sérigraphie Horizon Angers;sérigraphe;Angers;non;petit;dormant;2026-02-28;93;266;37;"festivals ; associations";oui;oui;non;non
R0022;Atelier Éclat;brodeur;Reims;non;petit;dormant;2025-09-06;268;327;8;"entreprises ; festivals";oui;oui;non;non
R0023;Atelier Solstice;sérigraphe;Marseille;oui;moyen;dormant;2025-12-10;173;464;57;"brasseries et bars ; clubs sportifs";oui;oui;non;non
R0024;Studio Pastel;sérigraphe;Valence;oui;petit;actif;2026-05-24;8;200;53;"brasseries et bars ; associations";oui;oui;non;non
R0025;Imprim'Origami;sérigraphe;Lyon;oui;grand;actif;2026-05-28;4;1020;121;"clubs sportifs ; associations";oui;oui;non;oui
R0026;Brod'Tramontane Perpignan;brodeur;Perpignan;non;petit;dormant;2025-12-30;153;329;28;"clubs sportifs ; festivals";oui;oui;non;non
R0027;Point Trait d'Union;brodeur;Poitiers;non;moyen;actif;2026-05-29;3;507;89;"festivals ; brasseries et bars";oui;oui;non;non
R0028;Studio Atlantique;agence;Caen;non;grand;actif;2026-05-30;2;1045;127;"entreprises ; clubs sportifs";oui;oui;non;oui
R0029;Agence Mistral;agence;Niort;non;petit;dormant;2025-12-13;170;262;25;"clubs sportifs ; associations";oui;oui;non;non
R0030;Sérigraphie Rhône;sérigraphe;Bordeaux;non;moyen;actif;2026-05-31;1;712;79;"festivals ; collectivités";oui;oui;non;non
R0031;Sérigraphie Kaolin;sérigraphe;Genève;oui;petit;actif;2026-05-26;6;286;47;"associations ; clubs sportifs";oui;oui;non;non
R0032;Brod'Amarante;brodeur;Amiens;non;petit;actif;2026-05-31;1;255;40;"brasseries et bars ; clubs sportifs";oui;oui;non;non
R0033;Point Estuaire Saint-Étienne;brodeur;Saint-Étienne;oui;petit;actif;2026-05-27;5;220;39;"collectivités ; brasseries et bars";non;oui;non;non
R0034;Broderie Lumière;brodeur;Dijon;non;petit;dormant;2025-09-06;268;216;14;"entreprises ; festivals";oui;oui;non;non
R0035;Atelier Pastel Orléans;agence;Orléans;non;moyen;dormant;2026-02-01;120;732;77;"brasseries et bars ; festivals";oui;oui;non;non
R0036;Studio Éclat Vannes;sérigraphe;Vannes;non;petit;actif;2026-05-30;2;202;46;"clubs sportifs ; festivals";oui;oui;non;non
R0037;Textiprint Rhône;imprimeur;Reims;non;petit;dormant;2026-01-06;146;332;25;"brasseries et bars ; entreprises";oui;oui;non;non
R0038;Imprim'Quai Besançon;sérigraphe;Besançon;non;moyen;actif;2026-05-29;3;871;101;"associations ; entreprises";oui;non;non;non
R0039;Séri'Alizé;sérigraphe;Turin;oui;petit;actif;2026-05-30;2;278;39;"festivals ; collectivités";oui;oui;non;non
R0040;Point Zinc;brodeur;Metz;non;moyen;actif;2026-05-23;9;700;93;"entreprises ; festivals";oui;oui;oui;non
R0041;Studio Grand Angle;sérigraphe;Luxembourg;non;moyen;dormant;2025-10-04;240;642;29;"festivals ; clubs sportifs";oui;oui;non;non
R0042;Marquage Ocre;sérigraphe;Chambéry;oui;petit;dormant;2025-09-13;261;268;24;"clubs sportifs ; brasseries et bars";oui;oui;non;non
R0043;Studio Bleu Marine;sérigraphe;Perpignan;non;moyen;dormant;2025-08-26;279;788;31;"associations ; clubs sportifs";oui;oui;non;non
R0044;Studio Hélice;sérigraphe;Reims;non;petit;dormant;2025-06-26;340;456;5;"associations ; brasseries et bars";oui;oui;non;non
R0045;Sérigraphie Sud Barcelone;sérigraphe;Barcelone;non;grand;dormant;2026-01-31;121;1676;125;"festivals ; entreprises";oui;oui;non;oui
R0046;Atelier Nacre;sérigraphe;Avignon;oui;petit;actif;2026-05-19;13;250;45;"associations ; festivals";oui;oui;non;non
R0047;Maison Ardoise Amiens;brodeur;Amiens;non;grand;dormant;2025-11-11;202;2190;109;"clubs sportifs ; festivals";oui;oui;non;oui
R0048;Séri'Amarante;sérigraphe;Pau;non;moyen;actif;2026-05-22;10;794;113;"collectivités ; festivals";oui;oui;non;non
R0049;Print Faubourg Lyon;imprimeur;Lyon;oui;petit;actif;2026-05-31;1;358;39;"associations ; entreprises";oui;non;non;non
R0050;Agence Éclat;agence;Nîmes;oui;petit;actif;2026-05-21;11;318;37;"clubs sportifs ; brasseries et bars";oui;oui;non;non
R0051;Atelier Calanque Arras;brodeur;Arras;non;petit;dormant;2026-03-05;88;389;32;"festivals ; associations";oui;oui;non;non
R0052;Atelier Estuaire;agence;Bruxelles;non;moyen;actif;2026-05-31;1;706;91;"brasseries et bars ; entreprises";oui;oui;non;non
R0053;Point Indigo;brodeur;Nancy;non;petit;dormant;2026-02-02;119;295;40;"associations ; collectivités";oui;non;non;non
R0054;Marquage Éclat Pau;sérigraphe;Pau;non;petit;actif;2026-05-29;3;186;54;"associations ; festivals";oui;oui;non;non
R0055;Atelier Zénith;sérigraphe;Nîmes;oui;petit;dormant;2025-10-15;229;254;15;"associations ; entreprises";oui;non;non;non
R0056;Marquage Vertigo;sérigraphe;Marseille;oui;grand;actif;2026-05-31;1;1056;228;"clubs sportifs ; entreprises";oui;oui;non;oui
R0057;Séri'Hélice;sérigraphe;Rouen;non;grand;dormant;2025-12-30;153;1595;78;"entreprises ; collectivités";oui;non;non;non
R0058;Atelier Cyan;sérigraphe;Nîmes;oui;moyen;dormant;2026-03-12;81;857;74;"entreprises ; associations";oui;non;non;non
R0059;Imprim'Mistral Dijon;sérigraphe;Dijon;non;petit;dormant;2025-07-16;320;273;5;"festivals ; clubs sportifs";oui;oui;non;non
R0060;Atelier Nord;sérigraphe;Grenoble;oui;petit;actif;2026-05-25;7;327;37;"collectivités ; brasseries et bars";oui;oui;non;non
R0061;Les Fils d'Tramontane;brodeur;Rennes;non;moyen;actif;2026-05-28;4;849;73;"associations ; collectivités";oui;non;non;non
R0062;Atelier du Lac;agence;Bruxelles;non;petit;actif;2026-05-30;2;398;58;"associations ; festivals";oui;oui;non;non
R0063;Sérigraphie Hélice;sérigraphe;Tours;non;petit;actif;2026-05-29;3;181;56;"associations ; festivals";oui;oui;non;non
R0064;Maison Bleu Marine Montpellier;brodeur;Montpellier;oui;petit;dormant;2026-02-09;112;298;43;"brasseries et bars ; festivals";oui;oui;non;non
R0065;Agence Garonne;agence;Dijon;non;petit;actif;2026-05-24;8;235;48;"clubs sportifs ; collectivités";oui;oui;non;non
R0066;Imprim'Hélice;sérigraphe;Annecy;oui;petit;dormant;2025-12-04;179;289;30;"entreprises ; clubs sportifs";oui;oui;non;non
R0067;Sérigraphie Origami;sérigraphe;Niort;non;grand;dormant;2026-03-22;71;1309;139;"clubs sportifs ; associations";oui;oui;non;oui
R0068;Broderie Quai;brodeur;Caen;non;moyen;actif;2026-05-26;6;474;71;"entreprises ; clubs sportifs";oui;oui;non;non
R0069;Marquage Mistral;sérigraphe;Lausanne;oui;moyen;dormant;2025-09-15;259;448;21;"brasseries et bars ; festivals";oui;oui;non;non
R0070;Atelier Lumière;sérigraphe;Tours;non;grand;actif;2026-05-29;3;1757;233;"clubs sportifs ; associations";oui;oui;non;oui
R0071;Studio Vertigo;sérigraphe;Arras;non;petit;dormant;2025-09-05;269;205;15;"entreprises ; brasseries et bars";oui;oui;non;non
R0072;Point Ricochet Lille;brodeur;Lille;non;petit;actif;2026-05-31;1;355;56;"entreprises ; festivals";oui;oui;non;non
R0073;Imprim'Pixel;sérigraphe;Poitiers;non;petit;actif;2026-04-24;38;243;38;"clubs sportifs ; collectivités";oui;oui;non;non
R0074;Atelier Jonquille;agence;Bilbao;non;petit;actif;2026-05-30;2;361;40;"collectivités ; festivals";oui;oui;non;non
R0075;Sérigraphie Ubac;sérigraphe;Strasbourg;non;moyen;actif;2026-05-31;1;451;82;"entreprises ; brasseries et bars";oui;oui;non;non
R0076;Studio Ypréau;agence;Mulhouse;non;petit;actif;2026-05-18;14;263;35;"brasseries et bars ; festivals";oui;oui;non;non
R0077;Studio Calanque Caen;sérigraphe;Caen;non;grand;dormant;2026-02-23;98;2112;150;"festivals ; associations";oui;oui;non;oui
R0078;Sérigraphie Amarante Reims;sérigraphe;Reims;non;moyen;actif;2026-05-31;1;782;111;"associations ; brasseries et bars";oui;oui;non;non
R0079;Broderie Estuaire;brodeur;Pau;non;moyen;dormant;2025-10-22;222;497;31;"entreprises ; associations";oui;non;non;non
R0080;Séri'Ubac Saint-Étienne;sérigraphe;Saint-Étienne;oui;petit;actif;2026-05-25;7;414;37;"associations ; clubs sportifs";oui;oui;non;non
R0081;Atelier Nord Albi;agence;Albi;non;petit;dormant;2025-11-09;204;412;17;"collectivités ; associations";oui;non;oui;non
R0082;Broderie Jonquille;brodeur;La Rochelle;non;petit;actif;2026-05-21;11;167;57;"entreprises ; clubs sportifs";oui;oui;non;non
R0083;Brod'Tandem;brodeur;Béziers;non;petit;actif;2026-05-31;1;235;56;"entreprises ; brasseries et bars";oui;oui;oui;non
R0084;Agence Boréal;agence;Mulhouse;non;petit;actif;2026-05-03;29;214;31;"associations ; entreprises";oui;non;non;non
R0085;Broderie Solstice;brodeur;Poitiers;non;petit;actif;2026-05-26;6;294;60;"collectivités ; festivals";oui;oui;non;non
R0086;Atelier Kaolin Luxembourg;sérigraphe;Luxembourg;non;petit;actif;2026-05-29;3;392;58;"festivals ; entreprises";oui;oui;non;non
R0087;Sérigraphie Vertigo Orléans;sérigraphe;Orléans;non;grand;dormant;2025-07-20;316;1961;10;"collectivités ; clubs sportifs";oui;oui;non;non
R0088;Atelier Tramontane;agence;Clermont-Ferrand;non;grand;actif;2026-05-27;5;1404;131;"brasseries et bars ; clubs sportifs";oui;oui;non;oui
R0089;Point Ardoise Bilbao;brodeur;Bilbao;non;grand;actif;2026-05-25;7;2009;186;"brasseries et bars ; associations";oui;oui;non;oui
R0090;Atelier Ardoise Toulouse;agence;Toulouse;non;moyen;actif;2026-05-30;2;889;101;"collectivités ; associations";oui;non;non;non
R0091;Imprim'Garonne;sérigraphe;Poitiers;non;petit;dormant;2025-09-03;271;183;21;"collectivités ; associations";oui;non;non;non
R0092;Point Granit;brodeur;Poitiers;non;petit;actif;2026-05-29;3;279;33;"collectivités ; brasseries et bars";oui;oui;oui;non
R0093;Marquage Amarante;sérigraphe;Strasbourg;non;moyen;dormant;2025-07-25;311;628;20;"collectivités ; festivals";oui;oui;oui;non
R0094;Sérigraphie Jonquille;sérigraphe;Arras;non;petit;dormant;2025-06-25;341;330;3;"collectivités ; brasseries et bars";non;oui;non;non
R0095;Sérigraphie Trait d'Union;sérigraphe;Le Mans;non;petit;dormant;2025-07-19;317;186;3;"collectivités ; entreprises";non;non;non;non
R0096;Séri'Sud;sérigraphe;Marseille;oui;petit;dormant;2025-07-19;317;212;5;"clubs sportifs ; brasseries et bars";oui;oui;non;non
R0097;Maison Calanque;brodeur;Chambéry;oui;petit;dormant;2026-01-23;129;332;31;"collectivités ; entreprises";oui;non;non;non
R0098;Agence Rhône;agence;Turin;oui;moyen;actif;2026-05-31;1;444;97;"brasseries et bars ; entreprises";oui;oui;oui;non
R0099;Imprim'Vauban;sérigraphe;Brest;non;moyen;actif;2026-05-25;7;480;103;"associations ; collectivités";oui;non;non;non
R0100;Sérigraphie Bleu Marine;sérigraphe;Lausanne;oui;petit;dormant;2025-08-22;283;163;12;"clubs sportifs ; entreprises";oui;oui;oui;non
R0101;Atelier Quai;agence;Bordeaux;non;moyen;dormant;2025-07-07;329;568;14;"clubs sportifs ; festivals";oui;oui;non;non
R0102;Marquage Atlantique;sérigraphe;Béziers;non;petit;dormant;2026-03-26;67;410;42;"festivals ; collectivités";oui;oui;non;non
R0103;Atelier Origami;sérigraphe;Grenoble;oui;petit;dormant;2026-02-09;112;234;34;"clubs sportifs ; collectivités";oui;oui;non;non
R0104;Studio Cardinal;agence;Niort;non;grand;dormant;2025-11-16;197;2227;56;"entreprises ; collectivités";oui;non;non;non
R0105;Marquage Grand Angle Namur;sérigraphe;Namur;non;moyen;actif;2026-05-31;1;775;61;"clubs sportifs ; collectivités";oui;oui;non;non
R0106;Les Fils d'Zinc Vannes;brodeur;Vannes;non;moyen;dormant;2025-10-04;240;528;39;"entreprises ; associations";oui;non;non;non
R0107;Marquage Bleu Marine Vannes;sérigraphe;Vannes;non;moyen;dormant;2026-03-25;68;815;81;"collectivités ; clubs sportifs";oui;oui;non;non
R0108;Marquage Lumière;sérigraphe;Toulouse;non;grand;dormant;2025-10-10;234;1302;77;"festivals ; entreprises";oui;oui;non;oui
R0109;Studio Zinc;sérigraphe;Mulhouse;non;petit;dormant;2025-10-20;224;352;16;"collectivités ; clubs sportifs";oui;oui;non;non
R0110;Agence Nacre;agence;Bordeaux;non;petit;actif;2026-05-31;1;296;57;"festivals ; entreprises";oui;oui;non;non
R0111;Imprim'Vermeil;sérigraphe;Clermont-Ferrand;non;petit;dormant;2026-03-02;91;272;45;"entreprises ; festivals";oui;oui;non;non
R0112;Studio Quai Bilbao;sérigraphe;Bilbao;non;petit;actif;2026-05-28;4;181;35;"festivals ; clubs sportifs";non;oui;non;non
R0113;Atelier Vermeil;agence;Marseille;oui;moyen;dormant;2026-02-16;105;696;61;"clubs sportifs ; entreprises";oui;oui;non;non
R0114;Agence Granit;agence;Avignon;oui;petit;dormant;2025-12-07;176;442;21;"clubs sportifs ; entreprises";oui;oui;non;non
R0115;Textiprint Ubac Grenoble;imprimeur;Grenoble;oui;moyen;actif;2026-05-25;7;771;119;"festivals ; brasseries et bars";oui;oui;non;non
R0116;Imprim'Granit Pau;sérigraphe;Pau;non;grand;actif;2026-05-30;2;2223;179;"clubs sportifs ; entreprises";oui;oui;non;oui
R0117;Studio Ocre Strasbourg;sérigraphe;Strasbourg;non;grand;dormant;2026-02-12;109;1815;145;"clubs sportifs ; entreprises";oui;oui;non;oui
R0118;Séri'Basalte Perpignan;sérigraphe;Perpignan;non;petit;dormant;2025-11-22;191;293;22;"brasseries et bars ; associations";oui;oui;non;non
R0119;Imprim'Loire;sérigraphe;Liège;non;petit;actif;2026-05-26;6;309;51;"collectivités ; entreprises";oui;non;non;non
R0120;Studio Nacre;sérigraphe;Lausanne;oui;moyen;actif;2026-05-31;1;859;90;"entreprises ; collectivités";oui;non;non;non
R0121;Maison Pastel;brodeur;Bayonne;non;grand;actif;2026-05-26;6;2320;215;"entreprises ; brasseries et bars";oui;oui;non;oui
R0122;Atelier Tandem;sérigraphe;Tours;non;moyen;actif;2026-05-27;5;548;87;"collectivités ; clubs sportifs";oui;oui;non;non
R0123;Brod'Calanque;brodeur;Le Mans;non;petit;actif;2026-05-27;5;294;50;"brasseries et bars ; entreprises";oui;oui;non;non
R0124;Les Fils d'Lumière;brodeur;Rouen;non;petit;dormant;2025-09-15;259;280;14;"associations ; brasseries et bars";oui;oui;non;non
R0125;Maison Granit;brodeur;Saint-Étienne;oui;petit;dormant;2025-08-16;289;309;16;"brasseries et bars ; clubs sportifs";oui;oui;non;non
R0126;Atelier Atlantique;sérigraphe;Grenoble;oui;moyen;actif;2026-05-28;4;696;80;"associations ; clubs sportifs";oui;oui;non;non
R0127;Studio du Lac;agence;Bruxelles;non;petit;actif;2026-05-24;8;315;40;"festivals ; clubs sportifs";oui;oui;non;non
R0128;Collectif Trait d'Union;agence;Valence;oui;petit;actif;2026-05-25;7;374;46;"brasseries et bars ; collectivités";oui;oui;non;non
R0129;Séri'Indigo Bayonne;sérigraphe;Bayonne;non;petit;actif;2026-05-13;19;324;49;"festivals ; clubs sportifs";oui;oui;non;non
R0130;Sérigraphie Ardoise;sérigraphe;Arras;non;moyen;dormant;2026-01-07;145;644;56;"clubs sportifs ; entreprises";oui;oui;non;non
R0131;Sérigraphie Sarment;sérigraphe;Pau;non;petit;actif;2026-05-24;8;425;33;"clubs sportifs ; entreprises";oui;oui;non;non
R0132;Collectif Mistral Bilbao;agence;Bilbao;non;moyen;actif;2026-05-31;1;483;109;"associations ; collectivités";oui;non;non;non
R0133;Impression Indigo;imprimeur;Lausanne;oui;petit;actif;2026-05-22;10;348;55;"brasseries et bars ; entreprises";oui;oui;non;non
R0134;Studio Alizé;agence;Caen;non;moyen;actif;2026-05-29;3;800;98;"collectivités ; entreprises";oui;non;non;non
R0135;Agence Vauban;agence;Bordeaux;non;petit;dormant;2026-01-12;140;200;28;"festivals ; brasseries et bars";oui;oui;non;non
R0136;Séri'Ardoise;sérigraphe;Bayonne;non;petit;actif;2026-05-22;10;196;33;"brasseries et bars ; clubs sportifs";non;oui;non;non
R0137;Imprim'Zénith;sérigraphe;Strasbourg;non;petit;actif;2026-05-29;3;316;41;"entreprises ; associations";oui;non;non;non
R0138;Atelier Ricochet;sérigraphe;Tours;non;petit;actif;2026-05-21;11;292;44;"entreprises ; associations";oui;non;non;non
R0139;Marquage Ricochet Bayonne;sérigraphe;Bayonne;non;moyen;actif;2026-05-13;19;455;80;"brasseries et bars ; associations";oui;oui;non;non
R0140;Maison Pixel Brest;brodeur;Brest;non;moyen;actif;2026-05-31;1;474;96;"clubs sportifs ; associations";oui;oui;non;non
R0141;Studio Zinc Amiens;sérigraphe;Amiens;non;petit;actif;2026-05-20;12;195;41;"festivals ; brasseries et bars";oui;oui;non;non
R0142;Studio Indigo Mulhouse;sérigraphe;Mulhouse;non;moyen;dormant;2026-03-04;89;953;54;"associations ; brasseries et bars";oui;oui;non;oui
R0143;Broderie Sarment;brodeur;Dijon;non;grand;actif;2026-05-31;1;1103;183;"associations ; clubs sportifs";oui;oui;non;oui
R0144;Brod'Garonne Dijon;brodeur;Dijon;non;moyen;dormant;2025-08-02;303;761;15;"festivals ; collectivités";oui;oui;non;non
R0145;Studio Ardoise;sérigraphe;Poitiers;non;petit;actif;2026-05-29;3;348;33;"festivals ; brasseries et bars";oui;oui;non;non
R0146;Marquage Hélice;sérigraphe;Niort;non;moyen;actif;2026-05-28;4;606;87;"collectivités ; brasseries et bars";oui;oui;non;non
R0147;Print Loire Milan;imprimeur;Milan;non;grand;dormant;2026-02-05;116;1580;146;"clubs sportifs ; collectivités";oui;oui;non;oui
R0148;Atelier Bleu Marine;brodeur;Poitiers;non;moyen;actif;2026-05-24;8;724;86;"entreprises ; clubs sportifs";oui;oui;non;non
R0149;Sérigraphie Garonne Barcelone;sérigraphe;Barcelone;non;moyen;dormant;2025-07-27;309;558;10;"festivals ; entreprises";oui;oui;oui;non
R0150;Brod'Lumière Chambéry;brodeur;Chambéry;oui;petit;dormant;2026-02-20;101;408;40;"brasseries et bars ; associations";oui;oui;non;non
R0151;Imprim'Bleu Marine Niort;sérigraphe;Niort;non;petit;actif;2026-05-31;1;406;58;"brasseries et bars ; associations";non;oui;non;non
R0152;Imprimerie Tramontane;imprimeur;Toulouse;non;petit;actif;2026-05-27;5;161;58;"entreprises ; associations";oui;non;non;non
R0153;Imprim'Mistral;sérigraphe;Limoges;non;moyen;dormant;2026-03-04;89;671;78;"entreprises ; collectivités";oui;non;non;non
R0154;Point Zénith;brodeur;Avignon;oui;petit;dormant;2026-01-28;124;351;33;"clubs sportifs ; associations";oui;oui;non;non
R0155;Studio Cap Ouest Besançon;sérigraphe;Besançon;non;moyen;dormant;2026-01-29;123;542;52;"entreprises ; festivals";oui;oui;non;non
R0156;Maison Kaolin;brodeur;Lausanne;oui;petit;actif;2026-05-31;1;380;53;"entreprises ; brasseries et bars";oui;oui;non;non
R0157;Broderie Grand Angle;brodeur;Bayonne;non;moyen;actif;2026-05-28;4;609;74;"brasseries et bars ; clubs sportifs";oui;oui;non;non
R0158;Print Hélice;imprimeur;Namur;non;moyen;dormant;2025-09-23;251;782;26;"brasseries et bars ; entreprises";oui;oui;non;non
R0159;Brod'Granit;brodeur;Nantes;non;petit;actif;2026-05-14;18;341;54;"associations ; festivals";oui;oui;non;non
R0160;Print Grand Angle;imprimeur;Lille;non;petit;actif;2026-05-28;4;403;55;"brasseries et bars ; clubs sportifs";oui;oui;non;non
R0161;Marquage Vertigo Valence;sérigraphe;Valence;oui;moyen;actif;2026-05-30;2;504;83;"brasseries et bars ; clubs sportifs";oui;oui;non;non
R0162;Studio Amarante Avignon;sérigraphe;Avignon;oui;petit;dormant;2025-07-16;320;166;5;"entreprises ; brasseries et bars";oui;oui;non;non
R0163;Séri'Pixel Bruxelles;sérigraphe;Bruxelles;non;moyen;actif;2026-05-22;10;421;76;"entreprises ; clubs sportifs";oui;oui;non;non
R0164;Marquage Pixel;sérigraphe;Bruxelles;non;petit;dormant;2026-03-10;83;351;44;"clubs sportifs ; festivals";oui;oui;non;non
R0165;Sérigraphie Garonne Milan;sérigraphe;Milan;non;grand;dormant;2026-02-02;119;2345;128;"entreprises ; festivals";oui;oui;non;oui
R0166;Studio Rhône;sérigraphe;Clermont-Ferrand;non;petit;actif;2026-05-24;8;259;52;"brasseries et bars ; festivals";oui;oui;non;non
R0167;Maison Perspective;brodeur;Nancy;non;petit;dormant;2025-11-07;206;187;25;"clubs sportifs ; associations";oui;oui;non;non
R0168;Atelier Pastel Metz;brodeur;Metz;non;petit;dormant;2026-02-02;119;290;26;"festivals ; clubs sportifs";oui;oui;non;non
R0169;Les Fils d'Granit Nantes;brodeur;Nantes;non;grand;dormant;2025-08-31;274;2316;47;"clubs sportifs ; associations";oui;oui;non;non
R0170;Maison Boréal;brodeur;Mulhouse;non;petit;dormant;2025-09-08;266;219;7;"collectivités ; brasseries et bars";oui;oui;non;non
R0171;Sérigraphie Indigo Reims;sérigraphe;Reims;non;moyen;actif;2026-05-28;4;499;63;"brasseries et bars ; clubs sportifs";oui;oui;non;non
R0172;Broderie Tandem Lausanne;brodeur;Lausanne;oui;grand;dormant;2025-10-14;230;1143;54;"clubs sportifs ; brasseries et bars";oui;oui;non;oui
R0173;Sérigraphie Perspective Luxembourg;sérigraphe;Luxembourg;non;petit;actif;2026-04-24;38;255;31;"clubs sportifs ; associations";oui;oui;non;non
R0174;Sérigraphie Quai;sérigraphe;Milan;non;moyen;actif;2026-05-27;5;757;70;"associations ; brasseries et bars";oui;oui;non;non
R0175;Atelier Rhône;brodeur;Luxembourg;non;petit;dormant;2026-02-17;104;156;26;"entreprises ; associations";oui;non;non;non
R0176;Collectif Deux Rives;agence;Barcelone;non;petit;actif;2026-05-04;28;350;34;"associations ; festivals";oui;oui;oui;non
R0177;Atelier Loire;brodeur;Marseille;oui;petit;dormant;2026-03-09;84;414;27;"entreprises ; brasseries et bars";non;oui;non;non
R0178;Séri'Loire;sérigraphe;Quimper;non;petit;dormant;2025-10-25;219;222;17;"entreprises ; collectivités";oui;non;non;non
R0179;Collectif Mistral Lyon;agence;Lyon;oui;petit;dormant;2025-08-13;292;358;9;"clubs sportifs ; collectivités";oui;oui;non;non
R0180;Studio Vermeil;agence;Genève;oui;petit;actif;2026-05-24;8;204;38;"associations ; brasseries et bars";oui;oui;non;non
R0181;Marquage Zinc;sérigraphe;Le Mans;non;petit;actif;2026-05-06;26;150;48;"entreprises ; collectivités";oui;non;non;non
R0182;Brod'Garonne;brodeur;Liège;non;moyen;actif;2026-05-24;8;466;89;"brasseries et bars ; festivals";oui;oui;non;non
R0183;Agence Nord Besançon;agence;Besançon;non;grand;actif;2026-05-31;1;1665;223;"brasseries et bars ; clubs sportifs";oui;oui;non;oui
R0184;Imprim'Boréal;sérigraphe;Metz;non;grand;actif;2026-05-31;1;951;201;"festivals ; associations";oui;oui;non;oui
R0185;Séri'Indigo;sérigraphe;Brest;non;petit;actif;2026-05-22;10;385;54;"clubs sportifs ; brasseries et bars";oui;oui;non;non
R0186;Marquage Éclat Caen;sérigraphe;Caen;non;petit;actif;2026-05-30;2;380;47;"festivals ; clubs sportifs";oui;oui;non;non
R0187;Collectif Ardoise;agence;Niort;non;grand;actif;2026-05-27;5;2184;195;"brasseries et bars ; entreprises";oui;oui;non;oui
R0188;Atelier Zénith Toulouse;sérigraphe;Toulouse;non;petit;actif;2026-05-30;2;364;55;"associations ; brasseries et bars";oui;oui;non;non
R0189;Point Quai Bayonne;brodeur;Bayonne;non;petit;dormant;2025-11-25;188;270;28;"associations ; entreprises";oui;non;non;non
R0190;Sérigraphie Alizé;sérigraphe;Toulouse;non;petit;actif;2026-05-30;2;184;53;"clubs sportifs ; associations";oui;oui;non;non
R0191;Sérigraphie Sarment Brest;sérigraphe;Brest;non;petit;dormant;2026-03-02;91;341;30;"clubs sportifs ; brasseries et bars";oui;oui;non;non
R0192;Studio Garonne;agence;Luxembourg;non;moyen;actif;2026-05-30;2;918;79;"clubs sportifs ; festivals";oui;oui;non;non
R0193;Impression Cardinal Turin;imprimeur;Turin;oui;grand;actif;2026-05-29;3;1959;239;"collectivités ; festivals";oui;oui;oui;non
R0194;Agence Amarante;agence;Besançon;non;petit;actif;2026-05-31;1;297;52;"clubs sportifs ; brasseries et bars";oui;oui;non;non
R0195;Atelier Trait d'Union Quimper;sérigraphe;Quimper;non;petit;dormant;2025-12-16;167;414;34;"entreprises ; associations";oui;non;non;non
R0196;Point Indigo Besançon;brodeur;Besançon;non;moyen;actif;2026-05-31;1;634;79;"festivals ; entreprises";oui;oui;non;non
R0197;Studio Sud Tours;sérigraphe;Tours;non;petit;dormant;2025-10-05;239;356;15;"associations ; brasseries et bars";oui;oui;non;non
R0198;Sérigraphie Nacre;sérigraphe;Lyon;oui;petit;actif;2026-05-27;5;209;55;"festivals ; collectivités";oui;oui;non;non
R0199;Atelier Indigo;brodeur;Nantes;non;moyen;dormant;2026-03-29;64;796;94;"collectivités ; brasseries et bars";oui;oui;non;non
R0200;Agence Boréal Brest;agence;Brest;non;petit;actif;2026-05-22;10;276;44;"entreprises ; festivals";oui;oui;non;non
R0201;Impression Sarment Nancy;imprimeur;Nancy;non;petit;actif;2026-05-24;8;378;53;"entreprises ; brasseries et bars";oui;oui;non;non
R0202;Broderie Atlantique;brodeur;Rouen;non;grand;actif;2026-05-29;3;1205;202;"brasseries et bars ; entreprises";oui;oui;non;oui
R0203;Broderie Amarante;brodeur;Bruxelles;non;petit;dormant;2025-08-09;296;353;6;"entreprises ; clubs sportifs";oui;oui;non;non
R0204;Imprim'Alizé Nantes;sérigraphe;Nantes;non;petit;actif;2026-05-26;6;409;46;"associations ; collectivités";oui;non;non;non
R0205;Maison Horizon Orléans;brodeur;Orléans;non;petit;actif;2026-05-24;8;337;57;"collectivités ; associations";oui;non;non;non
R0206;Imprim'Mistral Milan;sérigraphe;Milan;non;grand;dormant;2026-02-08;113;1200;144;"clubs sportifs ; associations";oui;oui;oui;non
R0207;Agence Nacre Tours;agence;Tours;non;petit;actif;2026-05-29;3;228;45;"associations ; entreprises";oui;non;non;non
R0208;Imprim'Cardinal;sérigraphe;Nantes;non;grand;actif;2026-05-26;6;1415;129;"clubs sportifs ; brasseries et bars";oui;oui;non;oui
R0209;Maison Estuaire;brodeur;Reims;non;grand;dormant;2026-01-24;128;1792;100;"brasseries et bars ; associations";oui;oui;non;oui
R0210;Studio Quai Clermont-Ferrand;sérigraphe;Clermont-Ferrand;non;petit;dormant;2025-07-10;326;360;6;"associations ; entreprises";oui;non;non;non
R0211;Imprim'Ocre;sérigraphe;Troyes;non;petit;dormant;2025-09-30;244;338;11;"associations ; collectivités";non;non;non;non
R0212;Séri'Basalte;sérigraphe;Rennes;non;petit;dormant;2025-07-04;332;196;2;"entreprises ; brasseries et bars";non;oui;non;non
R0213;Textiprint Lumière Milan;imprimeur;Milan;non;moyen;actif;2026-05-28;4;454;66;"associations ; collectivités";oui;non;non;non
R0214;Studio Ubac;sérigraphe;Nancy;non;petit;actif;2026-05-27;5;290;50;"festivals ; brasseries et bars";oui;oui;non;non
R0215;Atelier Faubourg;sérigraphe;Liège;non;moyen;dormant;2025-12-28;155;428;46;"clubs sportifs ; festivals";oui;oui;non;non
R0216;Agence Cardinal;agence;Metz;non;moyen;dormant;2025-08-06;299;580;12;"clubs sportifs ; brasseries et bars";oui;oui;non;non
R0217;Les Fils d'Cap Ouest La Rochelle;brodeur;La Rochelle;non;petit;dormant;2026-01-26;126;263;29;"festivals ; entreprises";oui;oui;non;non
R0218;Studio Perspective;sérigraphe;Chambéry;oui;petit;actif;2026-05-27;5;331;37;"collectivités ; brasseries et bars";non;oui;non;non
R0219;Collectif Jonquille;agence;Turin;oui;moyen;actif;2026-05-31;1;681;108;"brasseries et bars ; associations";oui;oui;non;non
R0220;Collectif Garonne Reims;agence;Reims;non;moyen;dormant;2025-11-21;192;836;51;"collectivités ; brasseries et bars";oui;oui;non;non
R0221;Les Fils d'Kaolin;brodeur;Lille;non;moyen;dormant;2025-07-29;307;950;12;"brasseries et bars ; collectivités";oui;oui;non;non
R0222;Maison Nacre;brodeur;La Rochelle;non;petit;actif;2026-05-11;21;233;37;"festivals ; brasseries et bars";oui;oui;non;non
R0223;Séri'Trait d'Union Liège;sérigraphe;Liège;non;petit;dormant;2025-08-01;304;228;7;"associations ; clubs sportifs";non;oui;non;non
R0224;Marquage Calanque Lyon;sérigraphe;Lyon;oui;petit;dormant;2026-01-03;149;207;33;"entreprises ; collectivités";oui;non;non;non
R0225;Marquage Zénith;sérigraphe;Namur;non;grand;actif;2026-05-31;1;2083;131;"entreprises ; brasseries et bars";oui;oui;non;oui
R0226;Atelier Cardinal Bilbao;brodeur;Bilbao;non;petit;actif;2026-05-31;1;343;55;"collectivités ; entreprises";oui;non;non;non
R0227;Studio du Lac Grenoble;sérigraphe;Grenoble;oui;moyen;dormant;2025-07-18;318;496;9;"collectivités ; entreprises";oui;non;non;non
R0228;Séri'Calanque Clermont-Ferrand;sérigraphe;Clermont-Ferrand;non;moyen;actif;2026-05-27;5;644;100;"associations ; clubs sportifs";oui;oui;non;non
R0229;Studio Pastel Lille;sérigraphe;Lille;non;petit;actif;2026-05-27;5;338;58;"entreprises ; brasseries et bars";oui;oui;non;non
R0230;Impression Calanque Dijon;imprimeur;Dijon;non;petit;actif;2026-05-28;4;323;57;"associations ; entreprises";oui;non;non;non
R0231;Broderie Mistral;brodeur;Tours;non;moyen;actif;2026-05-25;7;515;77;"collectivités ; brasseries et bars";oui;oui;non;non
R0232;Impression Jonquille;imprimeur;Le Mans;non;moyen;actif;2026-05-23;9;718;66;"brasseries et bars ; clubs sportifs";oui;oui;oui;non
R0233;Imprimerie Quai Mulhouse;imprimeur;Mulhouse;non;petit;actif;2026-05-19;13;334;46;"associations ; collectivités";oui;non;non;non
R0234;Séri'Éclat Avignon;sérigraphe;Avignon;oui;petit;dormant;2025-07-14;322;300;5;"associations ; collectivités";oui;non;non;non
R0235;Atelier Vertigo Barcelone;agence;Barcelone;non;petit;actif;2026-05-30;2;251;56;"festivals ; clubs sportifs";oui;oui;non;non
R0236;Impression Sarment;imprimeur;Perpignan;non;grand;actif;2026-05-31;1;1712;174;"associations ; clubs sportifs";oui;oui;non;oui
R0237;Atelier Basalte;sérigraphe;Grenoble;oui;petit;actif;2026-05-18;14;306;45;"festivals ; collectivités";oui;oui;non;non
R0238;Atelier Origami Poitiers;agence;Poitiers;non;petit;actif;2026-05-27;5;197;41;"festivals ; collectivités";oui;oui;non;non
R0239;Maison Éclat;brodeur;Brest;non;petit;dormant;2025-11-06;207;254;19;"festivals ; brasseries et bars";oui;oui;non;non
R0240;Atelier Bleu Marine Arras;brodeur;Arras;non;petit;actif;2026-05-31;1;265;43;"collectivités ; festivals";oui;oui;oui;non
R0241;Séri'Vertigo;sérigraphe;Lyon;oui;petit;dormant;2025-12-15;168;412;17;"collectivités ; associations";oui;non;non;non
R0242;Collectif du Lac;agence;Lausanne;oui;petit;actif;2026-05-10;22;428;41;"associations ; clubs sportifs";oui;oui;non;non
R0243;Les Fils d'Calanque;brodeur;Orléans;non;petit;dormant;2025-08-30;275;372;12;"entreprises ; brasseries et bars";oui;oui;non;non
R0244;Studio Granit;agence;Nantes;non;petit;dormant;2026-02-23;98;394;18;"festivals ; entreprises";non;oui;non;non
R0245;Textiprint Mistral;imprimeur;Toulouse;non;grand;actif;2026-05-31;1;2163;183;"festivals ; entreprises";oui;oui;non;oui
R0246;Brod'Rhône;brodeur;Niort;non;moyen;dormant;2025-11-09;204;538;54;"entreprises ; festivals";oui;oui;non;non
R0247;Les Fils d'Faubourg La Rochelle;brodeur;La Rochelle;non;moyen;actif;2026-05-31;1;433;100;"associations ; clubs sportifs";oui;oui;non;non
R0248;Broderie Nacre;brodeur;Marseille;oui;petit;dormant;2025-09-05;269;217;8;"clubs sportifs ; associations";non;oui;non;non
R0249;Atelier Hélice;sérigraphe;Orléans;non;grand;actif;2026-05-29;3;1290;196;"festivals ; associations";oui;oui;non;oui
R0250;Imprim'Indigo;sérigraphe;Genève;oui;moyen;dormant;2025-10-11;233;451;30;"brasseries et bars ; entreprises";oui;oui;non;non
R0251;Sérigraphie Zinc;sérigraphe;Angers;non;moyen;actif;2026-05-31;1;739;73;"clubs sportifs ; associations";oui;oui;non;non
R0252;Séri'Bleu Marine;sérigraphe;Brest;non;moyen;actif;2026-05-30;2;459;118;"collectivités ; associations";oui;non;non;non
R0253;Collectif Hélice Avignon;agence;Avignon;oui;petit;actif;2026-05-30;2;335;58;"entreprises ; collectivités";oui;non;non;non
R0254;Imprimerie des Volcans;imprimeur;Le Mans;non;moyen;dormant;2025-08-06;299;759;13;"entreprises ; brasseries et bars";oui;oui;non;non
R0255;Séri'Ypréau;sérigraphe;Nîmes;oui;grand;dormant;2025-08-07;298;1689;27;"clubs sportifs ; brasseries et bars";oui;oui;non;non
R0256;Agence Cyan Angers;agence;Angers;non;petit;actif;2026-05-26;6;343;56;"brasseries et bars ; collectivités";oui;oui;non;non
R0257;Marquage Tandem Angers;sérigraphe;Angers;non;moyen;dormant;2025-11-16;197;815;52;"entreprises ; festivals";oui;oui;non;non
R0258;Sérigraphie Pixel;sérigraphe;Albi;non;grand;actif;2026-05-31;1;1420;182;"entreprises ; clubs sportifs";oui;oui;non;oui
R0259;Collectif Ricochet Bruxelles;agence;Bruxelles;non;moyen;actif;2026-05-29;3;555;61;"brasseries et bars ; associations";oui;oui;non;non
R0260;Maison Rhône Montpellier;brodeur;Montpellier;oui;petit;actif;2026-05-23;9;363;59;"associations ; collectivités";oui;non;non;non
R0261;Séri'Ricochet Lille;sérigraphe;Lille;non;moyen;actif;2026-05-31;1;515;93;"collectivités ; entreprises";oui;non;non;non
R0262;Marquage Zénith Nantes;sérigraphe;Nantes;non;petit;actif;2026-05-30;2;286;43;"clubs sportifs ; festivals";oui;oui;non;non
R0263;Imprim'Grand Angle;sérigraphe;Liège;non;petit;actif;2026-05-30;2;224;38;"clubs sportifs ; collectivités";oui;oui;non;non
R0264;Impression Sud;imprimeur;Bordeaux;non;petit;actif;2026-05-20;12;376;51;"festivals ; entreprises";oui;oui;non;non
R0265;Point Horizon;brodeur;Valence;oui;petit;dormant;2025-07-21;315;360;4;"associations ; entreprises";non;non;non;non
R0266;Point Mistral Reims;brodeur;Reims;non;petit;dormant;2025-12-20;163;169;23;"brasseries et bars ; associations";oui;oui;oui;non
R0267;Atelier Zénith Brest;agence;Brest;non;petit;actif;2026-05-26;6;216;45;"associations ; clubs sportifs";oui;oui;non;non
R0268;Les Fils d'Éclat Rennes;brodeur;Rennes;non;petit;actif;2026-05-28;4;301;32;"collectivités ; clubs sportifs";non;oui;non;non
R0269;Collectif Calanque Béziers;agence;Béziers;non;petit;dormant;2026-03-25;68;386;38;"associations ; collectivités";oui;non;non;non
R0270;Broderie Cap Ouest;brodeur;Albi;non;grand;dormant;2025-07-25;311;1258;30;"entreprises ; festivals";oui;oui;non;non
R0271;Agence Cap Ouest Albi;agence;Albi;non;petit;actif;2026-05-15;17;386;44;"entreprises ; brasseries et bars";oui;oui;non;non
R0272;Point Zinc Vannes;brodeur;Vannes;non;petit;dormant;2025-10-27;217;407;22;"festivals ; associations";oui;oui;non;non
R0273;Atelier Ypréau;agence;Brest;non;petit;actif;2026-05-31;1;286;58;"brasseries et bars ; clubs sportifs";oui;oui;non;non
R0274;Séri'des Volcans;sérigraphe;Poitiers;non;petit;dormant;2026-01-08;144;326;32;"associations ; clubs sportifs";oui;oui;non;non
R0275;Studio Faubourg;agence;Rennes;non;petit;actif;2026-05-27;5;435;59;"brasseries et bars ; festivals";oui;oui;non;non
R0276;Broderie Amarante Amiens;brodeur;Amiens;non;moyen;dormant;2025-10-28;216;494;34;"brasseries et bars ; associations";oui;oui;oui;non
R0277;Marquage des Volcans;sérigraphe;Toulouse;non;moyen;actif;2026-05-29;3;633;60;"clubs sportifs ; associations";oui;oui;non;non
R0278;Marquage Bleu Marine;sérigraphe;Niort;non;moyen;dormant;2025-12-23;160;598;48;"festivals ; clubs sportifs";oui;oui;non;non
R0279;Atelier Vauban;sérigraphe;Lille;non;petit;dormant;2025-10-26;218;261;15;"festivals ; entreprises";oui;oui;non;non
R0280;Marquage du Lac;sérigraphe;Besançon;non;petit;dormant;2025-12-21;162;159;22;"associations ; clubs sportifs";oui;oui;non;non
R0281;Séri'Éclat Metz;sérigraphe;Metz;non;petit;actif;2026-05-18;14;421;44;"entreprises ; collectivités";oui;non;non;non
R0282;Agence Vertigo;agence;Tours;non;petit;dormant;2025-11-08;205;301;14;"associations ; collectivités";oui;non;non;non
R0283;Imprim'Zinc;sérigraphe;Bordeaux;non;petit;actif;2026-05-30;2;240;40;"entreprises ; collectivités";oui;non;non;non
R0284;Maison Granit Toulouse;brodeur;Toulouse;non;petit;dormant;2025-10-12;232;258;21;"associations ; collectivités";oui;non;non;non
R0285;Sérigraphie des Volcans;sérigraphe;Clermont-Ferrand;non;petit;actif;2026-05-23;9;193;51;"collectivités ; entreprises";oui;non;non;non
R0286;Impression Tramontane Besançon;imprimeur;Besançon;non;petit;actif;2026-05-24;8;280;44;"clubs sportifs ; festivals";oui;oui;non;non
R0287;Atelier Perspective;brodeur;Limoges;non;moyen;actif;2026-05-31;1;502;74;"collectivités ; brasseries et bars";oui;oui;non;non
R0288;Brod'Basalte Vannes;brodeur;Vannes;non;petit;actif;2026-05-31;1;153;53;"collectivités ; clubs sportifs";oui;oui;non;non
R0289;Studio Kaolin Tours;agence;Tours;non;moyen;actif;2026-05-28;4;717;67;"entreprises ; collectivités";oui;non;non;non
R0290;Marquage Quai Nancy;sérigraphe;Nancy;non;petit;actif;2026-05-19;13;181;48;"brasseries et bars ; collectivités";non;oui;non;non
R0291;Sérigraphie Solstice Orléans;sérigraphe;Orléans;non;moyen;actif;2026-05-31;1;773;88;"clubs sportifs ; entreprises";oui;oui;non;non
R0292;Brod'Mistral;brodeur;Troyes;non;moyen;actif;2026-05-23;9;871;110;"associations ; festivals";oui;oui;non;non
R0293;Imprim'Zénith Genève;sérigraphe;Genève;oui;moyen;dormant;2025-11-24;189;584;60;"clubs sportifs ; brasseries et bars";oui;oui;non;non
R0294;Collectif Tandem;agence;Valence;oui;moyen;actif;2026-05-28;4;637;100;"clubs sportifs ; entreprises";oui;oui;non;non
R0295;Sérigraphie Horizon;sérigraphe;Genève;oui;grand;actif;2026-05-31;1;1097;211;"collectivités ; associations";oui;non;non;non
R0296;Agence Vertigo Bruxelles;agence;Bruxelles;non;grand;actif;2026-05-29;3;1403;133;"associations ; clubs sportifs";oui;oui;non;oui
R0297;Imprimerie Zénith Tours;imprimeur;Tours;non;petit;dormant;2026-03-15;78;364;48;"clubs sportifs ; brasseries et bars";oui;oui;non;non
R0298;Atelier Trait d'Union;agence;Perpignan;non;grand;dormant;2026-03-09;84;1529;115;"brasseries et bars ; entreprises";oui;oui;non;oui
R0299;Les Fils d'Faubourg;brodeur;Bruxelles;non;petit;dormant;2025-11-07;206;367;18;"festivals ; brasseries et bars";oui;oui;non;non
R0300;Collectif Nord Orléans;agence;Orléans;non;petit;actif;2026-05-31;1;402;60;"collectivités ; entreprises";oui;non;non;non
R0301;Point Tandem;brodeur;Besançon;non;moyen;actif;2026-05-25;7;630;101;"entreprises ; collectivités";oui;non;non;non
R0302;Atelier Sarment;agence;Grenoble;oui;petit;dormant;2025-08-18;287;156;12;"festivals ; entreprises";oui;oui;non;non
R0303;Studio Tramontane;sérigraphe;Brest;non;petit;dormant;2026-03-03;90;373;37;"clubs sportifs ; collectivités";oui;oui;non;non
R0304;Atelier Boréal;sérigraphe;Liège;non;petit;actif;2026-05-18;14;217;33;"brasseries et bars ; entreprises";oui;oui;non;non
R0305;Impression Estuaire Avignon;imprimeur;Avignon;oui;petit;actif;2026-05-19;13;243;47;"associations ; clubs sportifs";oui;oui;non;non
R0306;Maison Jonquille Amiens;brodeur;Amiens;non;petit;dormant;2025-10-22;222;298;29;"entreprises ; brasseries et bars";oui;oui;non;non
R0307;Studio Amarante Lausanne;sérigraphe;Lausanne;oui;moyen;actif;2026-05-29;3;766;62;"brasseries et bars ; festivals";oui;oui;non;non
R0308;Studio Rhône Genève;agence;Genève;oui;petit;actif;2026-05-28;4;247;37;"brasseries et bars ; collectivités";non;oui;non;non
R0309;Brod'Zinc;brodeur;Poitiers;non;petit;actif;2026-05-28;4;207;59;"festivals ; collectivités";oui;oui;non;non
R0310;Studio Pastel Limoges;sérigraphe;Limoges;non;petit;actif;2026-05-24;8;425;45;"brasseries et bars ; collectivités";oui;oui;non;non
R0311;Brod'Solstice;brodeur;Reims;non;grand;dormant;2025-11-30;183;1132;110;"brasseries et bars ; entreprises";oui;oui;non;oui
R0312;Atelier Mistral Mulhouse;sérigraphe;Mulhouse;non;moyen;actif;2026-05-28;4;835;113;"brasseries et bars ; associations";oui;oui;non;non
R0313;Studio Amarante Bruxelles;agence;Bruxelles;non;grand;dormant;2025-11-04;209;2077;100;"collectivités ; associations";oui;non;non;non
R0314;Sérigraphie Perspective Valence;sérigraphe;Valence;oui;petit;actif;2026-05-25;7;415;31;"festivals ; associations";oui;oui;non;non
R0315;Studio Sud Namur;sérigraphe;Namur;non;petit;dormant;2026-03-19;74;382;40;"associations ; clubs sportifs";oui;oui;non;non
R0316;Séri'Jonquille;sérigraphe;Lille;non;petit;dormant;2025-12-25;158;338;22;"collectivités ; festivals";oui;oui;non;non
R0317;Séri'Pastel;sérigraphe;Grenoble;oui;petit;actif;2026-05-25;7;259;46;"entreprises ; associations";oui;non;non;non
R0318;Marquage Hélice Arras;sérigraphe;Arras;non;petit;actif;2026-05-17;15;402;50;"brasseries et bars ; clubs sportifs";oui;oui;non;non
R0319;Point des Volcans;brodeur;Limoges;non;petit;actif;2026-04-30;32;211;35;"clubs sportifs ; entreprises";oui;oui;non;non
R0320;Séri'Garonne;sérigraphe;Troyes;non;petit;actif;2026-05-28;4;284;42;"brasseries et bars ; collectivités";oui;oui;non;non
R0321;Textiprint Boréal;imprimeur;Mulhouse;non;petit;dormant;2025-08-25;280;163;9;"entreprises ; associations";non;non;oui;non
R0322;Print Lumière Niort;imprimeur;Niort;non;petit;actif;2026-05-26;6;315;49;"clubs sportifs ; festivals";oui;oui;non;non
R0323;Séri'Zénith Metz;sérigraphe;Metz;non;moyen;actif;2026-05-26;6;704;74;"festivals ; associations";oui;oui;non;non
R0324;Point Atlantique Vannes;brodeur;Vannes;non;petit;dormant;2026-03-04;89;381;38;"brasseries et bars ; entreprises";oui;oui;non;non
R0325;Studio Cyan La Rochelle;agence;La Rochelle;non;petit;dormant;2025-12-09;174;287;23;"brasseries et bars ; collectivités";oui;oui;non;non
R0326;Marquage Tramontane Poitiers;sérigraphe;Poitiers;non;moyen;actif;2026-05-30;2;693;62;"entreprises ; brasseries et bars";oui;oui;non;non
R0327;Textiprint Pixel La Rochelle;imprimeur;La Rochelle;non;petit;actif;2026-05-26;6;299;56;"entreprises ; brasseries et bars";oui;oui;non;non
R0328;Studio Loire;agence;Caen;non;petit;dormant;2025-10-05;239;390;18;"clubs sportifs ; brasseries et bars";oui;oui;non;non
R0329;Studio Faubourg Nantes;sérigraphe;Nantes;non;moyen;dormant;2025-09-10;264;701;25;"festivals ; clubs sportifs";oui;oui;non;non
R0330;Agence Atlantique;agence;Mulhouse;non;petit;actif;2026-05-29;3;321;45;"entreprises ; brasseries et bars";oui;oui;non;non
R0331;Séri'Horizon;sérigraphe;Troyes;non;petit;dormant;2025-11-11;202;250;19;"brasseries et bars ; entreprises";oui;oui;non;non
R0332;Collectif Cyan;agence;Barcelone;non;petit;dormant;2025-12-12;171;351;19;"collectivités ; associations";non;non;non;non
R0333;Brod'Cap Ouest;brodeur;Genève;oui;petit;actif;2026-05-04;28;411;39;"clubs sportifs ; entreprises";oui;oui;non;non
R0334;Imprimerie Éclat Grenoble;imprimeur;Grenoble;oui;petit;dormant;2025-11-24;189;188;21;"brasseries et bars ; collectivités";oui;oui;non;non
R0335;Atelier Sarment Montpellier;sérigraphe;Montpellier;oui;petit;dormant;2026-03-09;84;248;28;"brasseries et bars ; festivals";non;oui;non;non
R0336;Agence Alizé Le Mans;agence;Le Mans;non;moyen;dormant;2026-02-25;96;622;74;"brasseries et bars ; collectivités";oui;oui;non;non
R0337;Maison Basalte Strasbourg;brodeur;Strasbourg;non;petit;actif;2026-05-21;11;323;39;"associations ; festivals";oui;oui;non;non
R0338;Les Fils d'Vermeil;brodeur;Niort;non;petit;actif;2026-05-23;9;283;50;"clubs sportifs ; festivals";oui;oui;non;non
R0339;Point Faubourg Lyon;brodeur;Lyon;oui;grand;dormant;2025-12-22;161;1630;76;"festivals ; associations";oui;oui;non;oui
R0340;Marquage Ardoise;sérigraphe;Perpignan;non;grand;actif;2026-05-31;1;2233;194;"entreprises ; festivals";oui;oui;non;oui
R0341;Imprim'Quai Grenoble;sérigraphe;Grenoble;oui;moyen;actif;2026-05-27;5;599;93;"entreprises ; associations";oui;non;non;non
R0342;Atelier du Lac Rouen;sérigraphe;Rouen;non;petit;actif;2026-05-31;1;166;55;"entreprises ; associations";oui;non;non;non
R0343;Brod'Bleu Marine Avignon;brodeur;Avignon;oui;petit;actif;2026-05-08;24;331;40;"clubs sportifs ; collectivités";oui;oui;non;non
R0344;Marquage Perspective;sérigraphe;Saint-Étienne;oui;petit;actif;2026-05-25;7;237;32;"festivals ; collectivités";oui;oui;non;non
R0345;Marquage Kaolin;sérigraphe;Grenoble;oui;petit;actif;2026-05-30;2;180;54;"associations ; entreprises";oui;non;non;non
R0346;Sérigraphie Lumière;sérigraphe;Nîmes;oui;moyen;dormant;2025-12-09;174;930;58;"collectivités ; brasseries et bars";oui;oui;non;non
R0347;Textiprint Indigo;imprimeur;Orléans;non;petit;actif;2026-05-28;4;280;58;"collectivités ; festivals";oui;oui;non;non
R0348;Point Nord Chambéry;brodeur;Chambéry;oui;moyen;actif;2026-05-25;7;713;100;"entreprises ; associations";oui;non;non;non
R0349;Brod'Pastel;brodeur;Arras;non;petit;dormant;2025-09-02;272;203;11;"associations ; festivals";non;oui;non;non
R0350;Brod'Ocre Bordeaux;brodeur;Bordeaux;non;petit;actif;2026-05-14;18;441;32;"associations ; entreprises";oui;non;non;non
R0351;Séri'Grand Angle;sérigraphe;Reims;non;petit;actif;2026-05-22;10;336;40;"clubs sportifs ; collectivités";oui;oui;non;non
R0352;Marquage Cap Ouest;sérigraphe;Chambéry;oui;petit;actif;2026-05-31;1;262;30;"entreprises ; brasseries et bars";oui;oui;non;non
R0353;Sérigraphie Faubourg;sérigraphe;Turin;oui;grand;actif;2026-05-26;6;1523;140;"festivals ; brasseries et bars";oui;oui;non;oui
R0354;Point Grand Angle;brodeur;Valence;oui;moyen;dormant;2026-01-09;143;440;41;"collectivités ; brasseries et bars";oui;oui;non;non
R0355;Studio Sarment Perpignan;sérigraphe;Perpignan;non;grand;actif;2026-05-31;1;1295;203;"clubs sportifs ; associations";oui;oui;non;oui
R0356;Point Mistral;brodeur;Perpignan;non;petit;actif;2026-05-20;12;221;55;"festivals ; clubs sportifs";oui;oui;non;non
R0357;Imprimerie Deux Rives;imprimeur;Rouen;non;moyen;dormant;2025-07-30;306;860;20;"collectivités ; festivals";oui;oui;non;non
R0358;Studio Sarment;sérigraphe;Bruxelles;non;petit;dormant;2025-07-05;331;270;5;"festivals ; clubs sportifs";oui;oui;non;non
R0359;Séri'Jonquille La Rochelle;sérigraphe;La Rochelle;non;petit;dormant;2025-09-28;246;328;10;"entreprises ; brasseries et bars";oui;oui;non;non
R0360;Séri'du Lac;sérigraphe;Limoges;non;petit;actif;2026-05-18;14;373;51;"brasseries et bars ; festivals";oui;oui;non;non
R0361;Brod'Ricochet Luxembourg;brodeur;Luxembourg;non;petit;actif;2026-05-22;10;348;31;"entreprises ; collectivités";oui;non;oui;non
R0362;Point Alizé;brodeur;Lyon;oui;grand;dormant;2025-10-16;228;1977;72;"collectivités ; festivals";oui;oui;non;oui
R0363;Print Ardoise;imprimeur;Lyon;oui;petit;dormant;2026-03-11;82;360;39;"collectivités ; brasseries et bars";non;oui;non;non
R0364;Brod'Trait d'Union Nîmes;brodeur;Nîmes;oui;moyen;dormant;2026-01-12;140;666;51;"clubs sportifs ; entreprises";oui;oui;non;non
R0365;Collectif Solstice Besançon;agence;Besançon;non;moyen;actif;2026-05-30;2;879;84;"brasseries et bars ; entreprises";oui;oui;non;non
R0366;Studio Cap Ouest;sérigraphe;Nantes;non;petit;actif;2026-05-24;8;252;33;"festivals ; associations";non;oui;non;non
R0367;Atelier Zinc;sérigraphe;La Rochelle;non;grand;actif;2026-05-31;1;1689;177;"clubs sportifs ; entreprises";oui;oui;non;oui
R0368;Studio Kaolin;sérigraphe;Arras;non;grand;dormant;2025-12-09;174;2255;101;"associations ; clubs sportifs";oui;oui;non;oui
R0369;Séri'Mistral Luxembourg;sérigraphe;Luxembourg;non;moyen;dormant;2025-09-02;272;602;30;"collectivités ; associations";oui;non;non;non
R0370;Agence Sarment Orléans;agence;Orléans;non;petit;dormant;2025-12-28;155;314;14;"clubs sportifs ; entreprises";non;oui;non;non
R0371;Séri'Indigo Brest;sérigraphe;Brest;non;petit;dormant;2025-10-25;219;201;14;"festivals ; associations";oui;oui;non;non
R0372;Imprim'Estuaire;sérigraphe;Montpellier;oui;moyen;dormant;2025-12-28;155;423;58;"entreprises ; brasseries et bars";oui;oui;non;non
R0373;Les Fils d'Trait d'Union Saint-Étienne;brodeur;Saint-Étienne;oui;moyen;actif;2026-05-31;1;636;91;"brasseries et bars ; clubs sportifs";oui;oui;non;non
R0374;Brod'Tandem Bayonne;brodeur;Bayonne;non;petit;actif;2026-05-28;4;193;54;"entreprises ; associations";oui;non;non;non
R0375;Sérigraphie Estuaire;sérigraphe;Le Mans;non;moyen;dormant;2026-03-16;77;458;56;"festivals ; clubs sportifs";oui;oui;non;non
R0376;Imprim'Ubac;sérigraphe;Lyon;oui;grand;actif;2026-05-31;1;1676;218;"collectivités ; clubs sportifs";oui;oui;non;oui
R0377;Studio Cardinal Liège;agence;Liège;non;moyen;actif;2026-05-31;1;637;100;"brasseries et bars ; entreprises";oui;oui;non;non
R0378;Studio Mistral;sérigraphe;Tours;non;petit;actif;2026-05-05;27;163;36;"entreprises ; associations";oui;non;non;non
R0379;Point Faubourg;brodeur;Pau;non;moyen;actif;2026-05-28;4;528;100;"entreprises ; clubs sportifs";oui;oui;non;non
R0380;Collectif Tramontane;agence;Nancy;non;moyen;dormant;2026-02-28;93;839;61;"festivals ; entreprises";oui;oui;non;non
R0381;Studio Sud;sérigraphe;Albi;non;petit;dormant;2025-08-03;302;346;6;"associations ; collectivités";non;non;non;non
R0382;Brod'Zénith Bayonne;brodeur;Bayonne;non;petit;dormant;2025-09-26;248;205;9;"clubs sportifs ; associations";oui;oui;non;non
R0383;Studio Pixel;sérigraphe;Bayonne;non;petit;actif;2026-05-25;7;256;37;"entreprises ; associations";oui;non;non;non
R0384;Sérigraphie Vertigo Tours;sérigraphe;Tours;non;grand;actif;2026-05-29;3;1672;208;"festivals ; collectivités";oui;oui;non;oui
R0385;Atelier Deux Rives Vannes;agence;Vannes;non;moyen;dormant;2025-10-04;240;756;24;"entreprises ; associations";oui;non;non;non
R0386;Studio Lumière;sérigraphe;Lyon;oui;moyen;actif;2026-05-30;2;555;69;"entreprises ; festivals";oui;oui;non;non
R0387;Imprim'Quai Bilbao;sérigraphe;Bilbao;non;moyen;actif;2026-05-22;10;693;98;"entreprises ; festivals";oui;oui;non;non
R0388;Broderie du Lac;brodeur;Valence;oui;petit;actif;2026-05-19;13;285;31;"clubs sportifs ; festivals";oui;oui;non;non
R0389;Imprim'Pastel;sérigraphe;Mulhouse;non;moyen;actif;2026-05-26;6;574;102;"festivals ; associations";oui;oui;non;non
R0390;Séri'Rhône;sérigraphe;Angers;non;moyen;actif;2026-05-24;8;608;78;"clubs sportifs ; brasseries et bars";oui;oui;non;non
R0391;Séri'Ricochet;sérigraphe;Nîmes;oui;moyen;dormant;2026-03-04;89;826;70;"collectivités ; festivals";oui;oui;non;non
R0392;Studio Ricochet Liège;sérigraphe;Liège;non;moyen;dormant;2025-09-17;257;481;46;"brasseries et bars ; entreprises";oui;oui;non;non
R0393;Studio Vauban;agence;Lyon;oui;grand;dormant;2025-10-05;239;1557;42;"entreprises ; festivals";oui;oui;non;oui
R0394;Marquage Quai;sérigraphe;Angers;non;petit;actif;2026-05-28;4;240;46;"associations ; collectivités";oui;non;non;non
R0395;Atelier Calanque;sérigraphe;Orléans;non;petit;actif;2026-05-15;17;349;47;"festivals ; clubs sportifs";oui;oui;non;non
R0396;Agence Ypréau;agence;Genève;oui;petit;actif;2026-05-27;5;359;48;"associations ; clubs sportifs";oui;oui;non;non
R0397;Marquage Origami;sérigraphe;Marseille;oui;petit;dormant;2026-03-16;77;188;47;"associations ; entreprises";oui;non;non;non
R0398;Imprim'du Lac;sérigraphe;Rennes;non;moyen;dormant;2025-12-10;173;623;42;"associations ; collectivités";oui;non;non;non
R0399;Sérigraphie Quai Grenoble;sérigraphe;Grenoble;oui;petit;dormant;2025-10-23;221;296;22;"collectivités ; brasseries et bars";oui;oui;non;non
R0400;Atelier Perspective Limoges;brodeur;Limoges;non;grand;actif;2026-05-26;6;2298;190;"collectivités ; festivals";oui;oui;non;oui
R0401;Studio Zénith;sérigraphe;Poitiers;non;petit;actif;2026-05-23;9;291;51;"clubs sportifs ; brasseries et bars";oui;oui;non;non
R0402;Collectif Amarante;agence;Perpignan;non;grand;actif;2026-05-31;1;1419;198;"associations ; entreprises";oui;non;non;non
R0403;Maison Faubourg Amiens;brodeur;Amiens;non;petit;actif;2026-05-24;8;315;31;"associations ; festivals";oui;oui;non;non
R0404;Textiprint Solstice Bilbao;imprimeur;Bilbao;non;petit;dormant;2026-01-25;127;250;25;"clubs sportifs ; festivals";oui;oui;non;non
R0405;Broderie Pixel;brodeur;Nancy;non;grand;actif;2026-05-30;2;1171;155;"associations ; entreprises";oui;non;non;non
R0406;Les Fils d'Atlantique;brodeur;Genève;oui;moyen;dormant;2025-12-07;176;698;47;"associations ; brasseries et bars";oui;oui;non;non
R0407;Marquage Cyan;sérigraphe;Le Mans;non;petit;actif;2026-05-28;4;190;39;"collectivités ; clubs sportifs";oui;oui;non;non
R0408;Studio Horizon;agence;Besançon;non;petit;actif;2026-04-08;54;296;32;"brasseries et bars ; entreprises";oui;oui;non;non
R0409;Agence Kaolin;agence;Lausanne;oui;petit;actif;2026-05-22;10;393;47;"festivals ; brasseries et bars";oui;oui;non;non
R0410;Maison Jonquille;brodeur;Tours;non;moyen;dormant;2025-11-01;212;847;44;"clubs sportifs ; brasseries et bars";oui;oui;oui;non
R0411;Agence Grand Angle;agence;Tours;non;petit;dormant;2026-02-14;107;350;28;"associations ; festivals";oui;oui;non;non
R0412;Atelier Deux Rives Chambéry;sérigraphe;Chambéry;oui;moyen;actif;2026-05-30;2;572;85;"brasseries et bars ; festivals";oui;oui;non;non
R0413;Sérigraphie Sarment Marseille;sérigraphe;Marseille;oui;petit;actif;2026-05-20;12;210;47;"clubs sportifs ; brasseries et bars";oui;oui;non;non
R0414;Studio Deux Rives;agence;Albi;non;moyen;dormant;2025-08-02;303;820;13;"collectivités ; clubs sportifs";oui;oui;non;non
R0415;Brod'Jonquille Arras;brodeur;Arras;non;moyen;dormant;2026-01-03;149;891;73;"festivals ; collectivités";oui;oui;non;non
R0416;Séri'Deux Rives Albi;sérigraphe;Albi;non;petit;dormant;2026-01-02;150;411;27;"collectivités ; clubs sportifs";oui;oui;non;non
R0417;Impression Sarment Béziers;imprimeur;Béziers;non;petit;dormant;2026-03-12;81;256;32;"entreprises ; festivals";oui;oui;non;non
R0418;Broderie Deux Rives Strasbourg;brodeur;Strasbourg;non;petit;actif;2026-05-28;4;359;51;"associations ; collectivités";oui;non;non;non
R0419;Broderie Bleu Marine Pau;brodeur;Pau;non;petit;dormant;2026-03-02;91;351;43;"festivals ; associations";oui;oui;non;non
R0420;Brod'Hélice;brodeur;Valence;oui;petit;actif;2026-05-27;5;160;56;"brasseries et bars ; entreprises";oui;oui;non;non
R0421;Broderie Tandem;brodeur;Annecy;oui;moyen;dormant;2025-09-20;254;793;34;"festivals ; clubs sportifs";oui;oui;non;non
R0422;Atelier Alizé Nantes;sérigraphe;Nantes;non;petit;dormant;2025-08-12;293;346;11;"clubs sportifs ; brasseries et bars";oui;oui;non;non
R0423;Collectif Atlantique;agence;Pau;non;petit;dormant;2025-07-26;310;439;9;"collectivités ; associations";oui;non;non;non
R0424;Imprimerie Kaolin Bilbao;imprimeur;Bilbao;non;petit;dormant;2025-06-29;337;350;4;"brasseries et bars ; entreprises";non;oui;non;non
R0425;Séri'Nacre;sérigraphe;Dijon;non;petit;actif;2026-05-29;3;214;49;"associations ; entreprises";oui;non;non;non
R0426;Marquage Ubac;sérigraphe;Pau;non;petit;dormant;2025-11-09;204;414;15;"entreprises ; collectivités";oui;non;non;non
R0427;Séri'Pixel;sérigraphe;Saint-Étienne;oui;grand;dormant;2025-11-29;184;1433;119;"entreprises ; associations";oui;non;non;non
R0428;Studio Pastel Nancy;agence;Nancy;non;petit;actif;2026-05-25;7;287;35;"festivals ; collectivités";non;oui;non;non
R0429;Imprimerie Deux Rives Rennes;imprimeur;Rennes;non;petit;dormant;2025-07-08;328;289;13;"clubs sportifs ; brasseries et bars";oui;oui;non;non
R0430;Maison Rhône;brodeur;Caen;non;petit;actif;2026-05-29;3;265;51;"entreprises ; collectivités";oui;non;non;non
R0431;Maison Sud;brodeur;Arras;non;moyen;dormant;2026-03-14;79;860;92;"associations ; brasseries et bars";oui;oui;non;non
R0432;Marquage Atlantique Nîmes;sérigraphe;Nîmes;oui;moyen;actif;2026-05-28;4;819;61;"clubs sportifs ; entreprises";oui;oui;non;non
R0433;Les Fils d'Pixel Reims;brodeur;Reims;non;moyen;actif;2026-05-27;5;884;101;"clubs sportifs ; collectivités";oui;oui;non;non
R0434;Sérigraphie Loire Amiens;sérigraphe;Amiens;non;moyen;actif;2026-05-24;8;434;104;"brasseries et bars ; entreprises";oui;oui;non;non
R0435;Point Nord Caen;brodeur;Caen;non;moyen;dormant;2025-09-08;266;974;22;"festivals ; collectivités";oui;oui;non;non
R0436;Broderie Nacre Perpignan;brodeur;Perpignan;non;petit;actif;2026-05-16;16;204;48;"brasseries et bars ; entreprises";oui;oui;non;non
R0437;Imprim'Quai;sérigraphe;Avignon;oui;petit;dormant;2026-03-13;80;433;29;"entreprises ; brasseries et bars";non;oui;non;non
R0438;Atelier Garonne;sérigraphe;Genève;oui;petit;dormant;2025-07-08;328;337;8;"clubs sportifs ; entreprises";oui;oui;non;non
R0439;Marquage Tramontane Angers;sérigraphe;Angers;non;moyen;dormant;2026-01-02;150;914;71;"collectivités ; clubs sportifs";oui;oui;non;non
R0440;Atelier Ardoise;sérigraphe;Marseille;oui;petit;actif;2026-05-20;12;199;41;"collectivités ; associations";oui;non;non;non
R0441;Maison Rhône Turin;brodeur;Turin;oui;moyen;dormant;2026-01-14;138;768;58;"entreprises ; brasseries et bars";oui;oui;non;non
R0442;Atelier Horizon Vannes;sérigraphe;Vannes;non;petit;dormant;2025-10-03;241;288;18;"clubs sportifs ; associations";oui;oui;non;non
R0443;Agence Perspective;agence;Limoges;non;moyen;actif;2026-05-28;4;836;99;"entreprises ; associations";oui;non;non;non
R0444;Brod'Quai;brodeur;Le Mans;non;petit;actif;2026-05-26;6;290;38;"entreprises ; collectivités";oui;non;non;non
R0445;Brod'Hélice Avignon;brodeur;Avignon;oui;moyen;dormant;2026-02-27;94;518;75;"festivals ; clubs sportifs";oui;oui;non;non
R0446;Print Horizon;imprimeur;Barcelone;non;petit;actif;2026-05-30;2;246;34;"collectivités ; entreprises";oui;non;non;non
R0447;Impression Vertigo;imprimeur;Arras;non;moyen;dormant;2025-10-02;242;739;28;"clubs sportifs ; festivals";oui;oui;non;non
R0448;Atelier Cardinal Bayonne;sérigraphe;Bayonne;non;petit;dormant;2025-10-22;222;370;19;"associations ; brasseries et bars";oui;oui;non;non
R0449;Studio Amarante;agence;Valence;oui;grand;actif;2026-05-24;8;1760;163;"brasseries et bars ; clubs sportifs";oui;oui;oui;non
R0450;Imprim'Vauban Rouen;sérigraphe;Rouen;non;petit;actif;2026-05-20;12;386;33;"festivals ; clubs sportifs";oui;oui;non;non
R0451;Broderie Cap Ouest Grenoble;brodeur;Grenoble;oui;petit;dormant;2025-07-21;315;298;5;"festivals ; brasseries et bars";non;oui;non;non
R0452;Séri'Indigo Nantes;sérigraphe;Nantes;non;moyen;dormant;2025-07-29;307;841;19;"entreprises ; festivals";oui;oui;non;non
R0453;Textiprint Trait d'Union;imprimeur;Barcelone;non;petit;actif;2026-05-22;10;297;44;"entreprises ; collectivités";oui;non;non;non
R0454;Séri'Zénith;sérigraphe;La Rochelle;non;grand;actif;2026-05-31;1;1334;166;"associations ; brasseries et bars";oui;oui;non;oui
R0455;Marquage Faubourg;sérigraphe;Namur;non;moyen;dormant;2026-03-26;67;716;88;"brasseries et bars ; festivals";oui;oui;non;non
R0456;Point Tramontane Orléans;brodeur;Orléans;non;petit;dormant;2025-08-13;292;319;16;"associations ; clubs sportifs";oui;oui;non;non
R0457;Imprim'Perspective Le Mans;sérigraphe;Le Mans;non;petit;actif;2026-05-30;2;187;47;"brasseries et bars ; associations";non;oui;non;non
R0458;Brod'Ricochet;brodeur;Montpellier;oui;petit;actif;2026-05-25;7;287;39;"associations ; entreprises";oui;non;non;non
R0459;Séri'Ocre Albi;sérigraphe;Albi;non;petit;dormant;2025-10-30;214;174;24;"associations ; collectivités";oui;non;non;non
R0460;Collectif Solstice;agence;Arras;non;moyen;actif;2026-05-31;1;881;115;"collectivités ; entreprises";oui;non;non;non
R0461;Atelier Amarante;sérigraphe;Rennes;non;moyen;dormant;2025-12-01;182;650;61;"festivals ; brasseries et bars";oui;oui;non;non
R0462;Imprimerie Hélice Besançon;imprimeur;Besançon;non;moyen;actif;2026-04-30;32;927;68;"brasseries et bars ; clubs sportifs";oui;oui;non;non
R0463;Atelier Pixel;agence;Limoges;non;grand;dormant;2025-10-09;235;2173;71;"collectivités ; festivals";oui;oui;non;oui
R0464;Collectif Nacre;agence;Lyon;oui;moyen;dormant;2025-12-21;162;483;68;"entreprises ; brasseries et bars";oui;oui;non;non
R0465;Séri'Atlantique;sérigraphe;La Rochelle;non;moyen;actif;2026-05-30;2;600;66;"clubs sportifs ; brasseries et bars";oui;oui;non;non
R0466;Les Fils d'Basalte Quimper;brodeur;Quimper;non;petit;dormant;2026-03-26;67;399;39;"entreprises ; collectivités";oui;non;non;non
R0467;Sérigraphie Jonquille Montpellier;sérigraphe;Montpellier;oui;petit;dormant;2026-01-11;141;214;28;"festivals ; clubs sportifs";oui;oui;non;non
R0468;Séri'Faubourg Albi;sérigraphe;Albi;non;petit;actif;2026-05-27;5;348;47;"brasseries et bars ; collectivités";oui;oui;non;non
R0469;Print Solstice;imprimeur;Niort;non;moyen;dormant;2025-08-06;299;661;19;"festivals ; clubs sportifs";oui;oui;non;non
R0470;Maison Pastel Luxembourg;brodeur;Luxembourg;non;petit;dormant;2025-07-09;327;245;2;"entreprises ; associations";non;non;non;non
R0471;Agence Lumière;agence;Bruxelles;non;moyen;dormant;2025-07-17;319;832;16;"clubs sportifs ; entreprises";oui;oui;non;non
R0472;Marquage Jonquille Rouen;sérigraphe;Rouen;non;moyen;actif;2026-05-28;4;950;72;"collectivités ; clubs sportifs";oui;oui;non;oui
R0473;Collectif Horizon Bilbao;agence;Bilbao;non;moyen;actif;2026-05-26;6;925;78;"festivals ; associations";oui;oui;non;non
R0474;Collectif Boréal;agence;Angers;non;petit;dormant;2025-09-29;245;299;10;"festivals ; entreprises";oui;oui;non;non
R0475;Atelier Ocre;sérigraphe;Montpellier;oui;petit;dormant;2026-03-03;90;291;38;"festivals ; entreprises";oui;oui;non;non
R0476;Imprim'Kaolin Lausanne;sérigraphe;Lausanne;oui;petit;actif;2026-05-26;6;415;33;"brasseries et bars ; entreprises";oui;oui;non;non
R0477;Séri'Calanque;sérigraphe;Bordeaux;non;grand;dormant;2025-09-29;245;1389;69;"clubs sportifs ; brasseries et bars";oui;oui;non;non
R0478;Marquage Ypréau Namur;sérigraphe;Namur;non;grand;dormant;2025-11-07;206;2168;105;"clubs sportifs ; entreprises";oui;oui;non;oui
R0479;Studio Jonquille;agence;Barcelone;non;petit;dormant;2026-02-10;111;435;42;"associations ; entreprises";oui;non;non;non
R0480;Point Sud;brodeur;Marseille;oui;petit;actif;2026-05-22;10;205;47;"collectivités ; brasseries et bars";oui;oui;oui;non
R0481;Atelier Cap Ouest;sérigraphe;Metz;non;moyen;actif;2026-05-30;2;425;118;"entreprises ; collectivités";oui;non;non;non
R0482;Studio Nord;sérigraphe;Rennes;non;moyen;actif;2026-05-29;3;780;74;"brasseries et bars ; clubs sportifs";oui;oui;non;non
R0483;Studio Calanque;sérigraphe;Pau;non;moyen;dormant;2025-08-31;274;665;33;"collectivités ; clubs sportifs";oui;oui;non;non
R0484;Brod'Calanque Limoges;brodeur;Limoges;non;grand;actif;2026-05-28;4;2092;138;"clubs sportifs ; collectivités";oui;oui;non;oui
R0485;Brod'Lumière;brodeur;Besançon;non;petit;dormant;2025-08-31;274;306;15;"brasseries et bars ; clubs sportifs";oui;oui;non;non
R0486;Brod'Kaolin;brodeur;Valence;oui;petit;dormant;2026-02-25;96;324;25;"entreprises ; associations";oui;non;oui;non
R0487;Studio Solstice;sérigraphe;Nancy;non;petit;dormant;2026-01-23;129;382;27;"clubs sportifs ; associations";oui;oui;non;non
R0488;Agence Zénith La Rochelle;agence;La Rochelle;non;moyen;actif;2026-05-30;2;714;81;"collectivités ; entreprises";oui;non;non;non
R0489;Marquage Solstice;sérigraphe;Nantes;non;moyen;actif;2026-05-21;11;861;115;"collectivités ; festivals";oui;oui;non;non
R0490;Séri'Cyan;sérigraphe;Arras;non;moyen;actif;2026-05-31;1;808;83;"clubs sportifs ; collectivités";oui;oui;non;non
R0491;Maison Vermeil Lille;brodeur;Lille;non;petit;dormant;2025-07-12;324;296;5;"clubs sportifs ; entreprises";oui;oui;non;non
R0492;Brod'Perspective Namur;brodeur;Namur;non;petit;actif;2026-05-05;27;303;38;"brasseries et bars ; clubs sportifs";oui;oui;non;non
R0493;Studio Tandem;sérigraphe;Bayonne;non;petit;dormant;2025-10-09;235;237;11;"festivals ; brasseries et bars";oui;oui;non;non
R0494;Broderie Kaolin;brodeur;Avignon;oui;petit;dormant;2025-12-03;180;212;19;"clubs sportifs ; associations";oui;oui;non;non
R0495;Brod'Loire;brodeur;Troyes;non;petit;actif;2026-05-31;1;168;60;"associations ; brasseries et bars";oui;oui;non;non
R0496;Collectif Vermeil;agence;Reims;non;petit;dormant;2025-09-17;257;312;17;"festivals ; collectivités";oui;oui;non;non
R0497;Agence Cyan Annecy;agence;Annecy;oui;moyen;dormant;2025-07-10;326;883;8;"festivals ; collectivités";oui;oui;non;non
R0498;Impression Tramontane;imprimeur;La Rochelle;non;moyen;dormant;2026-02-06;115;756;56;"festivals ; associations";oui;oui;non;non
R0499;Imprim'Grand Angle Valence;sérigraphe;Valence;oui;petit;actif;2026-05-16;16;354;41;"entreprises ; festivals";oui;oui;non;non
R0500;Atelier Alizé;sérigraphe;Valence;oui;petit;actif;2026-05-31;1;435;30;"brasseries et bars ; collectivités";oui;oui;non;non
R0501;Imprim'Granit;sérigraphe;Amiens;non;moyen;actif;2026-05-25;7;915;119;"clubs sportifs ; associations";oui;oui;non;non
R0502;Sérigraphie Solstice Le Mans;sérigraphe;Le Mans;non;petit;dormant;2026-02-18;103;182;37;"clubs sportifs ; brasseries et bars";oui;oui;non;non
R0503;Imprimerie Pastel Turin;imprimeur;Turin;oui;petit;actif;2026-05-26;6;289;31;"clubs sportifs ; collectivités";oui;oui;non;non
R0504;Maison Sarment;brodeur;Valence;oui;petit;dormant;2025-07-03;333;394;3;"collectivités ; associations";non;non;non;non
R0505;Collectif Bleu Marine Besançon;agence;Besançon;non;grand;actif;2026-05-23;9;1789;195;"clubs sportifs ; entreprises";oui;oui;non;oui
R0506;Agence Trait d'Union;agence;Milan;non;petit;actif;2026-05-24;8;447;44;"entreprises ; clubs sportifs";oui;oui;non;non
R0507;Atelier Quai Arras;agence;Arras;non;petit;dormant;2025-08-11;294;336;8;"entreprises ; collectivités";oui;non;non;non
R0508;Imprim'Tramontane;sérigraphe;Nantes;non;petit;dormant;2025-12-08;175;396;19;"brasseries et bars ; festivals";oui;oui;non;non
R0509;Broderie Sarment Arras;brodeur;Arras;non;petit;actif;2026-05-09;23;339;33;"entreprises ; brasseries et bars";oui;oui;non;non
R0510;Collectif Zénith;agence;Montpellier;oui;moyen;dormant;2025-11-08;205;824;38;"brasseries et bars ; clubs sportifs";oui;oui;non;non
R0511;Broderie Bleu Marine;brodeur;Liège;non;moyen;dormant;2025-08-09;296;487;10;"collectivités ; clubs sportifs";oui;oui;non;non
R0512;Sérigraphie Indigo;sérigraphe;Nantes;non;moyen;actif;2026-05-26;6;872;103;"associations ; entreprises";oui;non;non;non
R0513;Collectif Mistral;agence;Milan;non;petit;actif;2026-05-05;27;329;32;"festivals ; collectivités";oui;oui;non;non
R0514;Broderie Éclat;brodeur;Nîmes;oui;grand;actif;2026-05-30;2;1610;230;"entreprises ; clubs sportifs";oui;oui;non;oui
R0515;Brod'Jonquille;brodeur;Limoges;non;petit;dormant;2026-02-05;116;181;32;"festivals ; clubs sportifs";oui;oui;non;non
R0516;Les Fils d'Ubac Genève;brodeur;Genève;oui;moyen;actif;2026-05-26;6;847;94;"entreprises ; collectivités";oui;non;non;non
R0517;Collectif Basalte Caen;agence;Caen;non;petit;dormant;2025-10-28;216;363;15;"festivals ; collectivités";oui;oui;non;non
R0518;Marquage Alizé;sérigraphe;Besançon;non;petit;actif;2026-05-31;1;319;39;"entreprises ; collectivités";non;non;non;non
R0519;Agence Origami Milan;agence;Milan;non;moyen;dormant;2025-08-24;281;776;23;"associations ; festivals";oui;oui;non;non
R0520;Séri'Mistral;sérigraphe;Niort;non;petit;dormant;2025-11-20;193;322;16;"entreprises ; collectivités";oui;non;non;non
R0521;Brod'Cardinal;brodeur;Reims;non;petit;dormant;2026-02-14;107;261;33;"festivals ; clubs sportifs";oui;oui;non;non
R0522;Imprim'Basalte;sérigraphe;Tours;non;grand;dormant;2026-01-30;122;2045;122;"associations ; brasseries et bars";oui;oui;non;oui
R0523;Studio Origami Liège;agence;Liège;non;moyen;actif;2026-05-26;6;662;102;"clubs sportifs ; entreprises";oui;oui;non;non
R0524;Atelier Sud;sérigraphe;Bruxelles;non;petit;dormant;2025-11-19;194;211;16;"clubs sportifs ; brasseries et bars";oui;oui;non;non
R0525;Studio Trait d'Union;sérigraphe;Luxembourg;non;petit;actif;2026-05-22;10;252;36;"entreprises ; clubs sportifs";oui;oui;non;non
R0526;Sérigraphie Zénith Angers;sérigraphe;Angers;non;moyen;dormant;2026-02-05;116;655;70;"associations ; brasseries et bars";oui;oui;non;non
R0527;Studio Origami Besançon;sérigraphe;Besançon;non;petit;dormant;2025-07-10;326;230;5;"brasseries et bars ; festivals";oui;oui;oui;non
R0528;Imprimerie Vermeil;imprimeur;Rennes;non;moyen;dormant;2025-09-04;270;683;20;"entreprises ; clubs sportifs";oui;oui;non;non
R0529;Point Mistral Toulouse;brodeur;Toulouse;non;petit;dormant;2025-12-21;162;360;23;"collectivités ; festivals";oui;oui;non;non
R0530;Séri'Vauban;sérigraphe;Clermont-Ferrand;non;petit;actif;2026-05-25;7;265;44;"associations ; entreprises";oui;non;non;non
R0531;Marquage Boréal Troyes;sérigraphe;Troyes;non;petit;dormant;2025-09-17;257;255;22;"associations ; festivals";oui;oui;non;non
R0532;Collectif Ricochet Toulouse;agence;Toulouse;non;petit;actif;2026-05-28;4;304;33;"festivals ; brasseries et bars";oui;oui;non;non
R0533;Marquage Estuaire;sérigraphe;Grenoble;oui;grand;dormant;2025-12-15;168;929;110;"associations ; entreprises";oui;non;non;non
R0534;Atelier Horizon Poitiers;sérigraphe;Poitiers;non;moyen;dormant;2025-10-17;227;456;51;"clubs sportifs ; collectivités";oui;oui;non;non
R0535;Collectif des Volcans;agence;Limoges;non;petit;actif;2026-05-21;11;210;30;"brasseries et bars ; entreprises";non;oui;non;non
R0536;Imprim'Hélice Genève;sérigraphe;Genève;oui;petit;actif;2026-05-20;12;291;30;"brasseries et bars ; entreprises";oui;oui;non;non
R0537;Marquage Ricochet Dijon;sérigraphe;Dijon;non;moyen;dormant;2025-09-03;271;956;29;"associations ; clubs sportifs";oui;oui;non;non
R0538;Atelier Lumière Chambéry;sérigraphe;Chambéry;oui;petit;dormant;2026-03-19;74;432;34;"associations ; brasseries et bars";oui;oui;non;non
R0539;Textiprint Calanque Le Mans;imprimeur;Le Mans;non;moyen;actif;2026-05-19;13;737;84;"associations ; entreprises";oui;non;non;non
R0540;Séri'Garonne Albi;sérigraphe;Albi;non;petit;actif;2026-05-24;8;150;37;"collectivités ; associations";oui;non;non;non
R0541;Atelier Basalte Metz;sérigraphe;Metz;non;petit;dormant;2025-08-28;277;198;14;"entreprises ; festivals";oui;oui;non;non
R0542;Studio Vermeil Montpellier;sérigraphe;Montpellier;oui;moyen;actif;2026-05-25;7;699;107;"collectivités ; festivals";oui;oui;non;non
R0543;Point Jonquille;brodeur;Nantes;non;petit;actif;2026-05-31;1;275;54;"associations ; festivals";oui;oui;non;non
R0544;Séri'Vermeil;sérigraphe;Avignon;oui;moyen;dormant;2026-01-18;134;702;34;"festivals ; clubs sportifs";oui;oui;non;non
R0545;Atelier Zinc Avignon;agence;Avignon;oui;moyen;actif;2026-05-24;8;604;119;"associations ; festivals";oui;oui;non;non
R0546;Sérigraphie Boréal Grenoble;sérigraphe;Grenoble;oui;petit;dormant;2026-01-26;126;356;34;"clubs sportifs ; associations";oui;oui;non;non
R0547;Marquage Quai Valence;sérigraphe;Valence;oui;petit;actif;2026-05-30;2;174;54;"associations ; festivals";non;oui;oui;non
R0548;Imprimerie du Lac Niort;imprimeur;Niort;non;petit;actif;2026-05-31;1;278;43;"festivals ; brasseries et bars";oui;oui;non;non
R0549;Atelier Trait d'Union Brest;brodeur;Brest;non;petit;actif;2026-05-19;13;253;54;"associations ; brasseries et bars";oui;oui;non;non
R0550;Brod'Zénith Tours;brodeur;Tours;non;moyen;actif;2026-05-31;1;447;103;"entreprises ; brasseries et bars";oui;oui;non;non
R0551;Broderie Cyan Limoges;brodeur;Limoges;non;moyen;dormant;2025-12-10;173;540;39;"festivals ; associations";oui;oui;non;non
R0552;Marquage Solstice Quimper;sérigraphe;Quimper;non;petit;dormant;2025-10-02;242;198;9;"festivals ; brasseries et bars";oui;oui;non;non
R0553;Collectif Indigo;agence;Limoges;non;petit;actif;2026-05-29;3;302;47;"festivals ; clubs sportifs";oui;oui;non;non
R0554;Séri'Kaolin;sérigraphe;Strasbourg;non;petit;dormant;2026-02-22;99;311;42;"clubs sportifs ; brasseries et bars";oui;oui;non;non
R0555;Atelier Alizé Grenoble;agence;Grenoble;oui;grand;actif;2026-05-31;1;2050;191;"clubs sportifs ; brasseries et bars";oui;oui;non;oui
R0556;Broderie Sud;brodeur;Le Mans;non;petit;dormant;2025-10-23;221;275;25;"entreprises ; associations";oui;non;non;non
R0557;Point Vertigo;brodeur;Le Mans;non;moyen;dormant;2025-07-27;309;655;14;"brasseries et bars ; clubs sportifs";oui;oui;oui;non
R0558;Marquage Indigo Strasbourg;sérigraphe;Strasbourg;non;petit;actif;2026-05-24;8;355;42;"associations ; festivals";oui;oui;non;non
R0559;Marquage Cardinal Strasbourg;sérigraphe;Strasbourg;non;petit;actif;2026-05-25;7;307;37;"collectivités ; clubs sportifs";oui;oui;non;non
R0560;Les Fils d'Calanque Besançon;brodeur;Besançon;non;moyen;dormant;2026-02-07;114;769;72;"clubs sportifs ; brasseries et bars";oui;oui;non;non
R0561;Atelier Nord Milan;brodeur;Milan;non;petit;dormant;2026-01-14;138;424;27;"associations ; brasseries et bars";oui;oui;non;non
R0562;Broderie Zinc;brodeur;Arras;non;petit;actif;2026-05-19;13;221;30;"associations ; brasseries et bars";oui;oui;non;non
R0563;Marquage Ricochet;sérigraphe;Avignon;oui;petit;actif;2026-05-25;7;191;34;"clubs sportifs ; associations";oui;oui;non;non
R0564;Print Indigo;imprimeur;Metz;non;petit;actif;2026-05-28;4;345;51;"collectivités ; festivals";oui;oui;non;non
R0565;Collectif Origami;agence;Nîmes;oui;grand;actif;2026-05-31;1;2304;142;"entreprises ; associations";oui;non;non;non
R0566;Textiprint Tandem;imprimeur;Saint-Étienne;oui;petit;actif;2026-05-10;22;356;30;"collectivités ; associations";oui;non;non;non
R0567;Collectif Zinc;agence;Saint-Étienne;oui;grand;actif;2026-05-31;1;1436;239;"entreprises ; associations";oui;non;non;non
R0568;Atelier Ubac Arras;agence;Arras;non;petit;dormant;2025-10-07;237;394;20;"collectivités ; festivals";oui;oui;oui;non
R0569;Atelier Sarment Grenoble;sérigraphe;Grenoble;oui;moyen;dormant;2025-08-19;286;706;23;"brasseries et bars ; collectivités";oui;oui;non;non
R0570;Imprim'Lumière;sérigraphe;Valence;oui;petit;dormant;2026-01-27;125;358;32;"collectivités ; clubs sportifs";oui;oui;non;non
R0571;Broderie Nord;brodeur;Perpignan;non;moyen;dormant;2026-01-23;129;946;63;"collectivités ; brasseries et bars";oui;oui;non;non
R0572;Print Cyan;imprimeur;Quimper;non;moyen;actif;2026-05-30;2;475;115;"clubs sportifs ; brasseries et bars";oui;oui;non;non
R0573;Atelier Cardinal Nancy;brodeur;Nancy;non;petit;actif;2026-05-31;1;254;46;"collectivités ; entreprises";oui;non;non;non
R0574;Atelier Grand Angle;brodeur;Perpignan;non;moyen;actif;2026-05-30;2;806;92;"festivals ; collectivités";oui;oui;non;non
R0575;Sérigraphie Boréal;sérigraphe;Annecy;oui;grand;actif;2026-05-29;3;1279;139;"associations ; festivals";oui;oui;non;oui
R0576;Imprim'Vertigo;sérigraphe;Valence;oui;petit;dormant;2026-01-10;142;317;27;"associations ; entreprises";oui;non;non;non
R0577;Point Pixel Grenoble;brodeur;Grenoble;oui;grand;dormant;2026-03-10;83;1210;175;"clubs sportifs ; associations";oui;oui;non;oui
R0578;Imprim'des Volcans;sérigraphe;Milan;non;petit;actif;2026-05-24;8;242;38;"brasseries et bars ; collectivités";oui;oui;non;non
R0579;Atelier Kaolin Toulouse;sérigraphe;Toulouse;non;petit;actif;2026-05-23;9;299;44;"associations ; brasseries et bars";oui;oui;non;non
R0580;Les Fils d'Tramontane Poitiers;brodeur;Poitiers;non;grand;dormant;2025-12-12;171;2138;103;"entreprises ; brasseries et bars";oui;oui;non;oui
R0581;Imprim'Alizé Nîmes;sérigraphe;Nîmes;oui;petit;dormant;2025-10-03;241;307;25;"associations ; brasseries et bars";oui;oui;non;non
R0582;Marquage Deux Rives;sérigraphe;Caen;non;grand;dormant;2025-07-25;311;2199;23;"collectivités ; brasseries et bars";oui;oui;non;non
R0583;Textiprint Faubourg;imprimeur;Avignon;oui;petit;dormant;2025-09-26;248;338;12;"festivals ; clubs sportifs";oui;oui;non;non
R0584;Atelier Basalte Strasbourg;agence;Strasbourg;non;moyen;dormant;2025-09-08;266;615;21;"associations ; festivals";oui;oui;oui;non
R0585;Atelier Mistral;sérigraphe;Liège;non;petit;actif;2026-05-14;18;260;59;"collectivités ; entreprises";oui;non;non;non
R0586;Impression Deux Rives;imprimeur;Namur;non;petit;actif;2026-05-30;2;277;44;"entreprises ; collectivités";oui;non;non;non
R0587;Studio Ricochet;sérigraphe;Béziers;non;petit;dormant;2026-01-12;140;353;23;"collectivités ; entreprises";non;non;non;non
R0588;Séri'Zinc;sérigraphe;Limoges;non;petit;actif;2026-05-24;8;379;54;"brasseries et bars ; entreprises";oui;oui;non;non
R0589;Atelier du Lac Brest;agence;Brest;non;moyen;dormant;2025-09-24;250;461;42;"entreprises ; associations";oui;non;non;non
R0590;Studio Indigo;sérigraphe;Barcelone;non;petit;actif;2026-05-28;4;343;43;"associations ; collectivités";oui;non;non;non
R0591;Agence Vertigo Annecy;agence;Annecy;oui;petit;dormant;2025-12-22;161;246;23;"clubs sportifs ; brasseries et bars";oui;oui;non;non
R0592;Print Tramontane Metz;imprimeur;Metz;non;moyen;dormant;2025-12-09;174;572;59;"festivals ; brasseries et bars";oui;oui;non;non
R0593;Marquage Loire Luxembourg;sérigraphe;Luxembourg;non;petit;dormant;2025-10-25;219;314;17;"brasseries et bars ; clubs sportifs";oui;oui;non;non
R0594;Collectif Kaolin Nancy;agence;Nancy;non;moyen;dormant;2025-07-18;318;829;17;"brasseries et bars ; associations";oui;oui;non;non
R0595;Atelier Bleu Marine Annecy;sérigraphe;Annecy;oui;moyen;actif;2026-05-22;10;429;106;"brasseries et bars ; collectivités";oui;oui;non;non
R0596;Les Fils d'Horizon;brodeur;Amiens;non;moyen;dormant;2026-01-07;145;625;41;"clubs sportifs ; associations";oui;oui;non;non
R0597;Studio Basalte Namur;agence;Namur;non;petit;dormant;2025-10-28;216;345;20;"brasseries et bars ; associations";oui;oui;non;non
R0598;Studio Alizé Annecy;agence;Annecy;oui;petit;actif;2026-04-30;32;351;32;"entreprises ; associations";oui;non;non;non
R0599;Imprimerie Horizon;imprimeur;Montpellier;oui;petit;actif;2026-05-14;18;212;41;"clubs sportifs ; brasseries et bars";oui;oui;non;non
R0600;Studio Ocre;sérigraphe;Metz;non;moyen;dormant;2026-01-31;121;767;79;"brasseries et bars ; associations";oui;oui;non;non
R0601;Print Pastel;imprimeur;Lausanne;oui;petit;actif;2026-05-31;1;314;56;"collectivités ; clubs sportifs";oui;oui;non;non
R0602;Impression Calanque;imprimeur;Quimper;non;moyen;dormant;2025-09-01;273;1013;30;"associations ; festivals";oui;oui;non;non
R0603;Studio Quai;agence;Angers;non;grand;dormant;2025-07-06;330;1002;25;"collectivités ; entreprises";oui;non;oui;non
R0604;Marquage Nacre Lausanne;sérigraphe;Lausanne;oui;moyen;dormant;2025-08-02;303;550;17;"collectivités ; festivals";oui;oui;non;non
R0605;Les Fils d'Trait d'Union;brodeur;Le Mans;non;moyen;actif;2026-05-28;4;592;105;"brasseries et bars ; collectivités";oui;oui;non;non
R0606;Sérigraphie Ricochet;sérigraphe;Pau;non;grand;dormant;2025-11-20;193;1849;100;"associations ; collectivités";oui;non;non;non
R0607;Point Origami;brodeur;Nancy;non;moyen;actif;2026-05-31;1;646;99;"brasseries et bars ; entreprises";oui;oui;oui;non
R0608;Brod'Tramontane Angers;brodeur;Angers;non;petit;actif;2026-05-27;5;298;38;"collectivités ; entreprises";oui;non;non;non
R0609;Studio Grand Angle Metz;sérigraphe;Metz;non;petit;dormant;2026-03-11;82;236;42;"clubs sportifs ; collectivités";oui;oui;non;non
R0610;Studio Sarment Limoges;agence;Limoges;non;grand;actif;2026-05-29;3;1992;122;"brasseries et bars ; clubs sportifs";oui;oui;oui;non
R0611;Agence du Lac;agence;Turin;oui;petit;actif;2026-05-25;7;178;39;"associations ; collectivités";oui;non;non;non
R0612;Séri'Estuaire;sérigraphe;Lausanne;oui;petit;dormant;2026-03-13;80;294;36;"clubs sportifs ; brasseries et bars";oui;oui;non;non
R0613;Textiprint Quai;imprimeur;Orléans;non;petit;dormant;2025-11-09;204;174;24;"festivals ; entreprises";oui;oui;non;non
R0614;Studio Cyan Besançon;sérigraphe;Besançon;non;petit;actif;2026-05-31;1;402;50;"associations ; clubs sportifs";oui;oui;non;non
R0615;Agence Mistral Chambéry;agence;Chambéry;oui;petit;dormant;2026-01-11;141;316;32;"collectivités ; brasseries et bars";oui;oui;non;non
R0616;Sérigraphie Granit;sérigraphe;Nancy;non;grand;actif;2026-05-31;1;1059;210;"festivals ; clubs sportifs";oui;oui;oui;non
R0617;Imprimerie Hélice Nîmes;imprimeur;Nîmes;oui;petit;dormant;2025-10-24;220;172;17;"collectivités ; entreprises";oui;non;non;non
R0618;Studio Perspective Amiens;agence;Amiens;non;moyen;actif;2026-05-25;7;575;97;"clubs sportifs ; entreprises";oui;oui;non;non
R0619;Atelier Sarment Rennes;sérigraphe;Rennes;non;grand;actif;2026-05-22;10;1904;145;"collectivités ; entreprises";oui;non;non;non
R0620;Maison Loire Namur;brodeur;Namur;non;petit;actif;2026-05-17;15;252;59;"festivals ; entreprises";oui;oui;non;non
R0621;Marquage Trait d'Union Arras;sérigraphe;Arras;non;moyen;actif;2026-05-29;3;828;82;"entreprises ; festivals";oui;oui;non;non
R0622;Marquage Nacre;sérigraphe;Le Mans;non;moyen;dormant;2026-01-09;143;583;56;"collectivités ; entreprises";oui;non;non;non
R0623;Les Fils d'Estuaire;brodeur;Tours;non;petit;actif;2026-05-22;10;222;59;"clubs sportifs ; brasseries et bars";oui;oui;non;non
R0624;Collectif Calanque;agence;Saint-Étienne;oui;moyen;dormant;2026-02-11;110;647;44;"collectivités ; associations";oui;non;non;non
R0625;Collectif Alizé;agence;Genève;oui;moyen;actif;2026-05-27;5;490;62;"brasseries et bars ; clubs sportifs";oui;oui;non;non
R0626;Maison Faubourg Bruxelles;brodeur;Bruxelles;non;grand;dormant;2026-02-10;111;2119;132;"collectivités ; brasseries et bars";oui;oui;non;oui
R0627;Imprimerie Mistral;imprimeur;Nîmes;oui;petit;actif;2026-05-31;1;164;38;"brasseries et bars ; entreprises";oui;oui;non;non
R0628;Textiprint Ardoise Angers;imprimeur;Angers;non;petit;dormant;2026-01-29;123;340;21;"entreprises ; brasseries et bars";oui;oui;non;non
R0629;Agence Ocre Orléans;agence;Orléans;non;petit;actif;2026-05-30;2;230;40;"festivals ; entreprises";oui;oui;non;non
R0630;Imprimerie Ocre;imprimeur;Grenoble;oui;grand;actif;2026-05-24;8;1519;148;"festivals ; collectivités";oui;oui;non;oui
R0631;Imprimerie Ubac;imprimeur;Nancy;non;petit;actif;2026-05-27;5;306;35;"brasseries et bars ; collectivités";oui;oui;non;non
R0632;Sérigraphie Mistral Bilbao;sérigraphe;Bilbao;non;moyen;dormant;2025-07-04;332;1013;8;"collectivités ; associations";oui;non;non;non
R0633;Imprim'Zénith Marseille;sérigraphe;Marseille;oui;moyen;actif;2026-05-24;8;703;118;"festivals ; brasseries et bars";oui;oui;non;non
R0634;Imprim'Ricochet;sérigraphe;Luxembourg;non;petit;actif;2026-05-31;1;233;59;"entreprises ; clubs sportifs";oui;oui;non;non
R0635;Agence Ubac Orléans;agence;Orléans;non;moyen;actif;2026-05-29;3;649;88;"entreprises ; collectivités";oui;non;non;non
R0636;Séri'Deux Rives;sérigraphe;Avignon;oui;moyen;actif;2026-05-25;7;929;96;"clubs sportifs ; associations";oui;oui;non;non
R0637;Agence Ardoise;agence;Albi;non;petit;actif;2026-05-13;19;228;41;"collectivités ; associations";oui;non;non;non
R0638;Studio Ypréau Montpellier;sérigraphe;Montpellier;oui;moyen;dormant;2025-12-16;167;876;61;"associations ; festivals";oui;oui;non;non
R0639;Textiprint Lumière;imprimeur;Besançon;non;moyen;actif;2026-05-29;3;862;102;"brasseries et bars ; collectivités";oui;oui;oui;non
R0640;Print Indigo Genève;imprimeur;Genève;oui;grand;dormant;2025-10-02;242;1396;57;"festivals ; brasseries et bars";oui;oui;non;non
R0641;Studio Ardoise Nantes;agence;Nantes;non;petit;dormant;2025-09-07;267;216;15;"brasseries et bars ; clubs sportifs";oui;oui;non;non
R0642;Séri'Éclat Annecy;sérigraphe;Annecy;oui;moyen;actif;2026-05-28;4;928;66;"associations ; festivals";oui;oui;non;non
R0643;Brod'Amarante Nantes;brodeur;Nantes;non;moyen;actif;2026-05-27;5;494;94;"associations ; entreprises";oui;non;non;non
R0644;Studio Zinc Perpignan;sérigraphe;Perpignan;non;petit;dormant;2025-09-21;253;340;17;"collectivités ; brasseries et bars";oui;oui;non;non
R0645;Séri'Quai;sérigraphe;Angers;non;petit;actif;2026-05-11;21;332;53;"associations ; festivals";oui;oui;non;non
R0646;Maison Cap Ouest Poitiers;brodeur;Poitiers;non;petit;dormant;2025-08-01;304;342;10;"collectivités ; festivals";oui;oui;non;non
R0647;Maison Tandem;brodeur;Annecy;oui;petit;dormant;2026-01-17;135;221;39;"clubs sportifs ; collectivités";oui;oui;non;non
R0648;Maison du Lac;brodeur;Albi;non;grand;dormant;2026-03-11;82;999;185;"clubs sportifs ; associations";oui;oui;non;oui
R0649;Sérigraphie Atlantique;sérigraphe;Bordeaux;non;petit;actif;2026-05-12;20;265;55;"festivals ; associations";oui;oui;non;non
R0650;Séri'Faubourg Nancy;sérigraphe;Nancy;non;petit;actif;2026-05-16;16;180;57;"entreprises ; associations";oui;non;non;non
R0651;Collectif Kaolin Quimper;agence;Quimper;non;petit;actif;2026-05-31;1;150;33;"collectivités ; associations";oui;non;non;non
R0652;Séri'Rhône Lausanne;sérigraphe;Lausanne;oui;petit;actif;2026-05-25;7;188;42;"entreprises ; brasseries et bars";oui;oui;non;non
R0653;Marquage Éclat;sérigraphe;Niort;non;petit;dormant;2025-12-24;159;322;17;"brasseries et bars ; associations";oui;oui;non;non
R0654;Point Horizon Poitiers;brodeur;Poitiers;non;moyen;dormant;2025-07-25;311;829;14;"clubs sportifs ; associations";oui;oui;non;non
R0655;Les Fils d'Ardoise Dijon;brodeur;Dijon;non;moyen;actif;2026-05-22;10;860;106;"collectivités ; clubs sportifs";oui;oui;oui;non
R0656;Imprim'Vauban Bayonne;sérigraphe;Bayonne;non;petit;dormant;2025-09-14;260;383;21;"festivals ; clubs sportifs";oui;oui;oui;non
R0657;Atelier Jonquille Annecy;sérigraphe;Annecy;oui;moyen;actif;2026-05-30;2;860;104;"brasseries et bars ; associations";oui;oui;non;non
R0658;Atelier Zinc Bruxelles;sérigraphe;Bruxelles;non;moyen;dormant;2025-08-18;287;642;22;"associations ; festivals";oui;oui;non;non
R0659;Atelier Vertigo Troyes;brodeur;Troyes;non;petit;actif;2026-05-17;15;186;36;"clubs sportifs ; collectivités";non;oui;non;non
R0660;Point Vauban;brodeur;Bordeaux;non;petit;dormant;2026-03-24;69;408;37;"associations ; festivals";oui;oui;non;non
R0661;Les Fils d'Boréal;brodeur;Annecy;oui;petit;actif;2026-05-28;4;223;50;"clubs sportifs ; brasseries et bars";oui;oui;non;non
R0662;Les Fils d'Mistral;brodeur;Lille;non;petit;dormant;2025-09-18;256;180;20;"entreprises ; brasseries et bars";oui;oui;non;non
R0663;Les Fils d'Origami;brodeur;Bilbao;non;petit;dormant;2025-08-22;283;295;8;"clubs sportifs ; collectivités";oui;oui;non;non
R0664;Imprim'Rhône Montpellier;sérigraphe;Montpellier;oui;petit;actif;2026-05-25;7;397;56;"entreprises ; festivals";oui;oui;non;non
R0665;Agence Tramontane;agence;Marseille;oui;petit;dormant;2025-08-15;290;412;8;"clubs sportifs ; entreprises";oui;oui;non;non
R0666;Impression Hélice;imprimeur;Quimper;non;petit;actif;2026-05-26;6;451;44;"brasseries et bars ; festivals";oui;oui;non;non
R0667;Sérigraphie Estuaire Niort;sérigraphe;Niort;non;petit;dormant;2025-10-02;242;406;14;"associations ; entreprises";oui;non;non;non
R0668;Les Fils d'Origami Namur;brodeur;Namur;non;moyen;dormant;2025-11-27;186;604;55;"collectivités ; clubs sportifs";oui;oui;non;non
R0669;Broderie Mistral Valence;brodeur;Valence;oui;moyen;actif;2026-05-30;2;819;76;"collectivités ; entreprises";oui;non;non;non
R0670;Marquage Ypréau Béziers;sérigraphe;Béziers;non;petit;dormant;2025-10-04;240;295;11;"brasseries et bars ; festivals";oui;oui;non;non
R0671;Point Atlantique Béziers;brodeur;Béziers;non;petit;dormant;2025-07-08;328;250;4;"brasseries et bars ; associations";non;oui;non;non
R0672;Studio Faubourg Nîmes;sérigraphe;Nîmes;oui;grand;dormant;2025-12-10;173;1405;57;"brasseries et bars ; associations";oui;oui;non;oui
R0673;Studio Ubac Chambéry;sérigraphe;Chambéry;oui;petit;dormant;2025-11-25;188;219;29;"collectivités ; festivals";oui;oui;non;non
R0674;Marquage Basalte;sérigraphe;Angers;non;petit;actif;2026-05-31;1;356;55;"entreprises ; festivals";oui;oui;oui;non
R0675;Agence Alizé;agence;Strasbourg;non;petit;actif;2026-05-30;2;371;46;"clubs sportifs ; festivals";oui;oui;non;non
R0676;Agence Faubourg Mulhouse;agence;Mulhouse;non;moyen;actif;2026-05-31;1;604;109;"brasseries et bars ; associations";oui;oui;non;non
R0677;Séri'Zinc Avignon;sérigraphe;Avignon;oui;petit;actif;2026-05-22;10;215;60;"associations ; clubs sportifs";oui;oui;non;non
R0678;Broderie Basalte;brodeur;Bordeaux;non;petit;actif;2026-05-24;8;187;58;"clubs sportifs ; festivals";oui;oui;non;non
R0679;Studio Jonquille La Rochelle;sérigraphe;La Rochelle;non;petit;dormant;2025-07-16;320;350;3;"festivals ; clubs sportifs";non;oui;non;non
R0680;Print Pixel;imprimeur;Chambéry;oui;moyen;actif;2026-05-30;2;502;87;"associations ; brasseries et bars";oui;oui;non;non
R0681;Textiprint Cardinal Montpellier;imprimeur;Montpellier;oui;grand;dormant;2026-03-01;92;1071;157;"brasseries et bars ; clubs sportifs";oui;oui;non;oui
R0682;Point Nord;brodeur;Limoges;non;moyen;actif;2026-05-31;1;600;77;"clubs sportifs ; collectivités";oui;oui;non;non
R0683;Imprim'Garonne Perpignan;sérigraphe;Perpignan;non;petit;actif;2026-05-26;6;241;57;"clubs sportifs ; collectivités";oui;oui;non;non
R0684;Studio Trait d'Union Besançon;agence;Besançon;non;petit;actif;2026-05-28;4;207;34;"entreprises ; festivals";oui;oui;non;non
R0685;Collectif Calanque Valence;agence;Valence;oui;moyen;actif;2026-05-31;1;433;92;"entreprises ; festivals";oui;oui;non;non
R0686;Atelier Éclat Bordeaux;agence;Bordeaux;non;petit;actif;2026-05-28;4;268;47;"collectivités ; clubs sportifs";oui;oui;non;non
R0687;Imprim'Trait d'Union Niort;sérigraphe;Niort;non;moyen;dormant;2026-01-26;126;682;47;"festivals ; brasseries et bars";oui;oui;non;non
R0688;Agence Garonne Grenoble;agence;Grenoble;oui;petit;actif;2026-05-26;6;409;34;"associations ; festivals";oui;oui;non;non
R0689;Séri'du Lac Angers;sérigraphe;Angers;non;grand;actif;2026-05-30;2;1394;151;"brasseries et bars ; entreprises";oui;oui;non;oui
R0690;Studio Mistral Orléans;sérigraphe;Orléans;non;moyen;dormant;2026-01-07;145;465;50;"brasseries et bars ; entreprises";oui;oui;non;non
R0691;Marquage Cyan Angers;sérigraphe;Angers;non;petit;dormant;2025-11-04;209;343;25;"brasseries et bars ; festivals";oui;oui;non;non
R0692;Sérigraphie Basalte;sérigraphe;Montpellier;oui;petit;dormant;2025-10-10;234;285;19;"associations ; brasseries et bars";oui;oui;non;non
R0693;Broderie Rhône;brodeur;Bayonne;non;moyen;dormant;2025-07-21;315;748;19;"festivals ; associations";oui;oui;non;non
R0694;Marquage Atlantique Lille;sérigraphe;Lille;non;petit;actif;2026-05-29;3;247;56;"festivals ; collectivités";oui;oui;non;non
R0695;Point Amarante Lyon;brodeur;Lyon;oui;moyen;actif;2026-05-26;6;896;99;"entreprises ; festivals";oui;oui;non;non
R0696;Imprim'Nacre Liège;sérigraphe;Liège;non;grand;actif;2026-05-29;3;2049;169;"entreprises ; brasseries et bars";oui;oui;non;oui
R0697;Studio des Volcans;sérigraphe;Brest;non;grand;dormant;2026-02-12;109;2098;170;"associations ; brasseries et bars";oui;oui;non;oui
R0698;Broderie Cyan;brodeur;Milan;non;petit;actif;2026-05-21;11;288;46;"collectivités ; associations";oui;non;non;non
R0699;Marquage Pixel Brest;sérigraphe;Brest;non;grand;dormant;2026-01-16;136;2089;119;"collectivités ; entreprises";oui;non;non;non
R0700;Atelier Ricochet Namur;agence;Namur;non;moyen;actif;2026-05-31;1;462;116;"brasseries et bars ; clubs sportifs";oui;oui;non;non
R0701;Print Éclat Montpellier;imprimeur;Montpellier;oui;petit;dormant;2025-12-25;158;166;30;"collectivités ; festivals";oui;oui;non;non
R0702;Atelier Zinc Caen;agence;Caen;non;moyen;dormant;2025-07-29;307;601;14;"festivals ; entreprises";oui;oui;non;non
R0703;Point Atlantique;brodeur;Orléans;non;petit;actif;2026-05-30;2;360;57;"entreprises ; clubs sportifs";oui;oui;non;non
R0704;Sérigraphie Vermeil;sérigraphe;Nîmes;oui;moyen;actif;2026-05-31;1;705;62;"brasseries et bars ; collectivités";oui;oui;non;non
R0705;Atelier Vermeil Genève;agence;Genève;oui;grand;dormant;2026-02-10;111;1652;156;"collectivités ; clubs sportifs";oui;oui;non;oui
R0706;Séri'Hélice Bordeaux;sérigraphe;Bordeaux;non;petit;actif;2026-05-27;5;269;58;"clubs sportifs ; brasseries et bars";oui;oui;non;non
R0707;Imprim'Cap Ouest Rouen;sérigraphe;Rouen;non;petit;actif;2026-05-29;3;293;54;"entreprises ; brasseries et bars";oui;oui;non;non
R0708;Maison Kaolin La Rochelle;brodeur;La Rochelle;non;petit;dormant;2025-10-26;218;170;25;"collectivités ; festivals";oui;oui;non;non
R0709;Sérigraphie Cyan;sérigraphe;Liège;non;petit;dormant;2025-07-17;319;412;5;"festivals ; associations";non;oui;non;non
R0710;Maison Lumière;brodeur;Clermont-Ferrand;non;moyen;dormant;2026-02-19;102;693;46;"entreprises ; clubs sportifs";oui;oui;non;non
R0711;Atelier des Volcans Reims;sérigraphe;Reims;non;grand;dormant;2025-12-26;157;1434;117;"festivals ; entreprises";oui;oui;non;oui
R0712;Agence Sud;agence;Vannes;non;grand;dormant;2025-08-17;288;1778;29;"collectivités ; festivals";oui;oui;non;non
R0713;Imprimerie Éclat;imprimeur;Lille;non;petit;actif;2026-05-31;1;266;35;"brasseries et bars ; entreprises";oui;oui;oui;non
R0714;Atelier Origami Arras;brodeur;Arras;non;moyen;dormant;2025-11-29;184;494;43;"brasseries et bars ; collectivités";oui;oui;non;non
R0715;Brod'du Lac;brodeur;Albi;non;petit;actif;2026-05-20;12;370;38;"associations ; entreprises";oui;non;non;non
R0716;Imprimerie Calanque;imprimeur;Troyes;non;petit;actif;2026-05-23;9;322;42;"collectivités ; festivals";non;oui;non;non
R0717;Collectif Ubac;agence;Clermont-Ferrand;non;moyen;actif;2026-05-30;2;532;64;"clubs sportifs ; festivals";oui;oui;non;non
R0718;Agence Origami;agence;Bilbao;non;petit;dormant;2026-01-03;149;372;28;"associations ; clubs sportifs";oui;oui;non;non
R0719;Atelier Indigo Lille;sérigraphe;Lille;non;moyen;dormant;2025-10-18;226;792;43;"clubs sportifs ; brasseries et bars";oui;oui;non;non
R0720;Broderie Basalte Bayonne;brodeur;Bayonne;non;moyen;actif;2026-05-31;1;903;85;"collectivités ; clubs sportifs";oui;oui;non;non
R0721;Imprimerie Boréal;imprimeur;Lausanne;oui;grand;dormant;2025-10-14;230;2055;73;"entreprises ; associations";oui;non;non;non
R0722;Sérigraphie Solstice;sérigraphe;Clermont-Ferrand;non;grand;actif;2026-05-29;3;2093;172;"brasseries et bars ; clubs sportifs";oui;oui;oui;non
R0723;Imprim'Atlantique;sérigraphe;Bordeaux;non;petit;actif;2026-05-07;25;300;53;"collectivités ; festivals";oui;oui;non;non
R0724;Sérigraphie Garonne;sérigraphe;Chambéry;oui;moyen;dormant;2025-10-21;223;760;47;"festivals ; clubs sportifs";oui;oui;non;non
R0725;Atelier Horizon;agence;Bayonne;non;petit;dormant;2026-01-02;150;361;20;"festivals ; associations";oui;oui;non;non
R0726;Collectif Pixel Nantes;agence;Nantes;non;moyen;actif;2026-05-31;1;515;98;"collectivités ; brasseries et bars";oui;oui;non;non
R0727;Agence Basalte;agence;Béziers;non;moyen;actif;2026-05-28;4;631;83;"clubs sportifs ; festivals";oui;oui;non;non
R0728;Sérigraphie Zénith;sérigraphe;Arras;non;moyen;actif;2026-05-30;2;640;81;"entreprises ; festivals";oui;oui;non;non
R0729;Agence Ardoise Caen;agence;Caen;non;petit;dormant;2026-03-04;89;393;36;"brasseries et bars ; clubs sportifs";oui;oui;non;non
R0730;Imprim'Rhône;sérigraphe;Perpignan;non;moyen;dormant;2026-03-18;75;750;54;"brasseries et bars ; festivals";oui;oui;non;non
R0731;Maison Zénith;brodeur;Niort;non;moyen;actif;2026-05-26;6;488;60;"clubs sportifs ; festivals";oui;oui;non;non
R0732;Point Ardoise Annecy;brodeur;Annecy;oui;petit;dormant;2026-02-18;103;385;24;"collectivités ; entreprises";oui;non;non;non
R0733;Imprimerie Quai;imprimeur;Perpignan;non;petit;dormant;2025-07-08;328;321;9;"clubs sportifs ; collectivités";oui;oui;non;non
R0734;Marquage Calanque;sérigraphe;Pau;non;moyen;dormant;2026-03-08;85;825;53;"collectivités ; brasseries et bars";oui;oui;non;non
R0735;Collectif Jonquille Amiens;agence;Amiens;non;petit;dormant;2026-01-10;142;238;21;"associations ; brasseries et bars";oui;oui;oui;non
R0736;Atelier Deux Rives;agence;Lyon;oui;grand;dormant;2026-02-16;105;1466;135;"brasseries et bars ; festivals";oui;oui;non;oui
R0737;Les Fils d'Perspective;brodeur;Montpellier;oui;petit;actif;2026-05-08;24;386;59;"clubs sportifs ; entreprises";oui;oui;oui;non
R0738;Studio Hélice Bayonne;agence;Bayonne;non;petit;actif;2026-05-25;7;382;31;"festivals ; associations";non;oui;non;non
R0739;Studio Kaolin Turin;agence;Turin;oui;petit;actif;2026-05-14;18;193;57;"associations ; collectivités";oui;non;non;non
R0740;Studio Faubourg Montpellier;agence;Montpellier;oui;moyen;dormant;2026-03-10;83;825;74;"entreprises ; brasseries et bars";oui;oui;non;non
R0741;Agence Deux Rives La Rochelle;agence;La Rochelle;non;petit;actif;2026-05-06;26;191;37;"associations ; festivals";oui;oui;non;non
R0742;Marquage Nacre Avignon;sérigraphe;Avignon;oui;grand;actif;2026-05-27;5;1283;152;"brasseries et bars ; collectivités";oui;oui;oui;non
R0743;Sérigraphie du Lac;sérigraphe;Mulhouse;non;moyen;dormant;2026-02-23;98;799;62;"associations ; festivals";oui;oui;non;non
R0744;Brod'Cardinal Rouen;brodeur;Rouen;non;petit;actif;2026-04-22;40;389;31;"brasseries et bars ; associations";oui;oui;non;non
R0745;Sérigraphie Deux Rives;sérigraphe;Niort;non;moyen;dormant;2025-10-14;230;593;51;"associations ; festivals";oui;oui;non;non
R0746;Brod'Sarment;brodeur;Metz;non;petit;actif;2026-05-14;18;254;38;"associations ; festivals";oui;oui;non;non
R0747;Studio Vauban La Rochelle;agence;La Rochelle;non;moyen;dormant;2025-09-29;245;590;45;"collectivités ; clubs sportifs";oui;oui;non;non
R0748;Atelier Vertigo;brodeur;Lausanne;oui;moyen;dormant;2025-12-29;154;501;52;"clubs sportifs ; brasseries et bars";oui;oui;non;non
R0749;Marquage Sud;sérigraphe;Saint-Étienne;oui;moyen;actif;2026-05-31;1;762;117;"entreprises ; collectivités";oui;non;non;non
R0750;Marquage Faubourg Bordeaux;sérigraphe;Bordeaux;non;petit;dormant;2025-09-15;259;222;15;"festivals ; entreprises";oui;oui;non;non
R0751;Agence Estuaire Milan;agence;Milan;non;petit;dormant;2025-11-30;183;398;26;"festivals ; clubs sportifs";oui;oui;oui;non
R0752;Imprim'Faubourg;sérigraphe;Saint-Étienne;oui;petit;actif;2026-05-30;2;380;56;"collectivités ; associations";oui;non;non;non
R0753;Sérigraphie Cardinal Caen;sérigraphe;Caen;non;petit;actif;2026-05-28;4;217;37;"festivals ; collectivités";oui;oui;non;non
R0754;Marquage Horizon Bruxelles;sérigraphe;Bruxelles;non;petit;actif;2026-05-27;5;173;59;"brasseries et bars ; entreprises";oui;oui;non;non
R0755;Brod'Grand Angle;brodeur;Lausanne;oui;petit;actif;2026-05-25;7;397;47;"brasseries et bars ; clubs sportifs";oui;oui;non;non
R0756;Imprim'Éclat Angers;sérigraphe;Angers;non;petit;dormant;2025-08-14;291;225;9;"entreprises ; clubs sportifs";oui;oui;non;non
R0757;Atelier Ubac Besançon;sérigraphe;Besançon;non;petit;dormant;2025-10-24;220;302;13;"festivals ; clubs sportifs";oui;oui;non;non
R0758;Imprim'Zénith Milan;sérigraphe;Milan;non;moyen;actif;2026-05-30;2;747;110;"associations ; collectivités";oui;non;non;non
R0759;Textiprint Horizon;imprimeur;Toulouse;non;petit;dormant;2026-01-19;133;285;41;"associations ; festivals";oui;oui;non;non
R0760;Agence Ardoise Turin;agence;Turin;oui;petit;dormant;2025-09-12;262;295;12;"associations ; entreprises";non;non;non;non
R0761;Brod'Faubourg;brodeur;Pau;non;moyen;dormant;2026-01-17;135;446;61;"clubs sportifs ; entreprises";oui;oui;non;non
R0762;Collectif Zénith Reims;agence;Reims;non;moyen;dormant;2026-03-15;78;460;81;"festivals ; clubs sportifs";oui;oui;non;non
R0763;Séri'Grand Angle Valence;sérigraphe;Valence;oui;petit;dormant;2026-01-22;130;263;35;"collectivités ; entreprises";oui;non;non;non
R0764;Impression Boréal;imprimeur;Amiens;non;petit;actif;2026-05-28;4;182;40;"brasseries et bars ; collectivités";oui;oui;non;non
R0765;Atelier Tramontane Avignon;sérigraphe;Avignon;oui;petit;actif;2026-05-26;6;276;30;"associations ; clubs sportifs";oui;oui;non;non
R0766;Studio Basalte Genève;agence;Genève;oui;petit;dormant;2026-02-18;103;401;43;"clubs sportifs ; associations";oui;oui;non;non
R0767;Imprim'Kaolin Quimper;sérigraphe;Quimper;non;petit;dormant;2025-11-23;190;349;22;"brasseries et bars ; collectivités";oui;oui;non;non
R0768;Séri'Cap Ouest Quimper;sérigraphe;Quimper;non;moyen;actif;2026-05-31;1;794;110;"festivals ; clubs sportifs";oui;oui;non;non
R0769;Atelier Atlantique Limoges;sérigraphe;Limoges;non;moyen;actif;2026-05-27;5;826;118;"associations ; collectivités";oui;non;non;non
R0770;Agence Nacre Metz;agence;Metz;non;petit;dormant;2025-07-03;333;256;5;"collectivités ; brasseries et bars";non;oui;non;non
R0771;Séri'Horizon Liège;sérigraphe;Liège;non;moyen;actif;2026-05-30;2;885;65;"brasseries et bars ; associations";oui;oui;non;non
R0772;Imprim'Deux Rives;sérigraphe;Namur;non;grand;actif;2026-05-31;1;1078;238;"associations ; entreprises";oui;non;non;non
R0773;Studio des Volcans Caen;agence;Caen;non;grand;dormant;2025-11-07;206;1020;112;"festivals ; clubs sportifs";oui;oui;non;oui
R0774;Marquage Hélice Annecy;sérigraphe;Annecy;oui;moyen;actif;2026-05-30;2;553;95;"clubs sportifs ; associations";oui;oui;non;non
R0775;Maison Cardinal;brodeur;Barcelone;non;moyen;dormant;2025-10-27;217;693;48;"collectivités ; festivals";oui;oui;non;non
R0776;Point Tandem Bilbao;brodeur;Bilbao;non;grand;actif;2026-05-31;1;1637;196;"collectivités ; festivals";oui;oui;non;oui
R0777;Maison Solstice;brodeur;Lausanne;oui;petit;dormant;2025-10-18;226;282;25;"associations ; clubs sportifs";oui;oui;non;non
R0778;Atelier Ricochet Bilbao;sérigraphe;Bilbao;non;moyen;dormant;2025-11-01;212;521;37;"collectivités ; associations";oui;non;non;non
R0779;Broderie Hélice Reims;brodeur;Reims;non;petit;actif;2026-05-31;1;202;41;"clubs sportifs ; collectivités";oui;oui;non;non
R0780;Les Fils d'Loire;brodeur;Bordeaux;non;grand;actif;2026-05-28;4;1352;181;"entreprises ; clubs sportifs";oui;oui;non;oui
R0781;Marquage Granit;sérigraphe;Mulhouse;non;moyen;actif;2026-05-27;5;891;98;"entreprises ; associations";oui;non;non;non
R0782;Agence Tramontane Nantes;agence;Nantes;non;grand;actif;2026-05-27;5;1845;169;"festivals ; clubs sportifs";oui;oui;non;oui
R0783;Collectif Jonquille Grenoble;agence;Grenoble;oui;moyen;actif;2026-05-31;1;582;80;"festivals ; entreprises";oui;oui;non;non
R0784;Imprim'Nord;sérigraphe;Besançon;non;moyen;dormant;2025-08-13;292;498;21;"clubs sportifs ; festivals";oui;oui;non;non
R0785;Sérigraphie Grand Angle;sérigraphe;Mulhouse;non;moyen;actif;2026-05-29;3;509;86;"entreprises ; collectivités";oui;non;non;non
R0786;Marquage Zinc Grenoble;sérigraphe;Grenoble;oui;petit;dormant;2025-07-14;322;355;4;"entreprises ; brasseries et bars";oui;oui;non;non
R0787;Imprim'Mistral Marseille;sérigraphe;Marseille;oui;grand;dormant;2025-07-15;321;891;22;"collectivités ; associations";oui;non;non;non
R0788;Maison Garonne;brodeur;Toulouse;non;moyen;dormant;2026-01-24;128;848;58;"brasseries et bars ; collectivités";oui;oui;non;non
R0789;Broderie Calanque;brodeur;Perpignan;non;petit;dormant;2025-12-10;173;336;13;"brasseries et bars ; associations";non;oui;non;non
R0790;Marquage Vermeil Niort;sérigraphe;Niort;non;moyen;dormant;2025-11-24;189;610;34;"entreprises ; collectivités";oui;non;non;non
R0791;Séri'Trait d'Union;sérigraphe;Reims;non;petit;dormant;2025-10-22;222;224;15;"entreprises ; festivals";non;oui;non;non
R0792;Séri'Cardinal Albi;sérigraphe;Albi;non;moyen;actif;2026-05-31;1;534;103;"collectivités ; festivals";oui;oui;non;non
R0793;Studio Origami;sérigraphe;Saint-Étienne;oui;moyen;dormant;2026-01-06;146;590;48;"festivals ; associations";oui;oui;non;non
R0794;Agence Zinc;agence;Rennes;non;moyen;dormant;2026-01-21;131;878;47;"entreprises ; associations";oui;non;non;non
R0795;Brod'Ypréau Amiens;brodeur;Amiens;non;petit;dormant;2025-10-30;214;340;19;"clubs sportifs ; associations";oui;oui;non;non
R0796;Atelier Ardoise Vannes;sérigraphe;Vannes;non;moyen;dormant;2025-10-31;213;753;36;"collectivités ; associations";oui;non;non;non
R0797;Imprim'Ypréau;sérigraphe;Poitiers;non;grand;dormant;2025-12-21;162;1123;79;"festivals ; clubs sportifs";oui;oui;non;oui
R0798;Atelier Bleu Marine Valence;brodeur;Valence;oui;moyen;actif;2026-05-30;2;651;107;"clubs sportifs ; associations";oui;oui;non;non
R0799;Textiprint Faubourg Chambéry;imprimeur;Chambéry;oui;petit;dormant;2025-07-24;312;215;7;"associations ; entreprises";oui;non;non;non
R0800;Studio Tandem Reims;sérigraphe;Reims;non;petit;dormant;2025-08-03;302;211;9;"entreprises ; brasseries et bars";oui;oui;non;non
R0801;Sérigraphie Quai Caen;sérigraphe;Caen;non;moyen;actif;2026-05-24;8;872;79;"entreprises ; brasseries et bars";oui;oui;non;non
R0802;Studio Mistral Lausanne;agence;Lausanne;oui;moyen;actif;2026-05-27;5;732;99;"collectivités ; clubs sportifs";oui;oui;oui;non
R0803;Atelier Pastel;agence;Angers;non;petit;actif;2026-05-30;2;365;51;"collectivités ; festivals";oui;oui;non;non
R0804;Studio Cap Ouest Bilbao;sérigraphe;Bilbao;non;petit;dormant;2026-01-17;135;387;24;"collectivités ; associations";oui;non;non;non
R0805;Marquage Nord Tours;sérigraphe;Tours;non;moyen;dormant;2026-03-12;81;556;54;"collectivités ; festivals";oui;oui;non;non
R0806;Studio Perspective Strasbourg;agence;Strasbourg;non;moyen;actif;2026-05-14;18;856;62;"collectivités ; associations";oui;non;non;non
R0807;Point Vermeil;brodeur;Namur;non;petit;actif;2026-05-31;1;355;55;"clubs sportifs ; entreprises";oui;oui;non;non
R0808;Les Fils d'Loire Pau;brodeur;Pau;non;petit;actif;2026-05-30;2;220;40;"associations ; festivals";oui;oui;non;non
R0809;Broderie Hélice;brodeur;Turin;oui;petit;actif;2026-05-26;6;397;38;"festivals ; associations";oui;oui;non;non
R0810;Studio Amarante Caen;sérigraphe;Caen;non;petit;dormant;2025-10-13;231;287;22;"entreprises ; collectivités";oui;non;non;non
R0811;Studio Horizon La Rochelle;sérigraphe;La Rochelle;non;petit;dormant;2025-11-28;185;378;17;"festivals ; associations";oui;oui;non;non
R0812;Imprim'Nacre;sérigraphe;Annecy;oui;petit;actif;2026-05-23;9;291;49;"brasseries et bars ; festivals";oui;oui;oui;non
R0813;Textiprint Hélice Chambéry;imprimeur;Chambéry;oui;moyen;dormant;2025-11-15;198;856;51;"clubs sportifs ; collectivités";oui;oui;oui;non
R0814;Les Fils d'du Lac;brodeur;Barcelone;non;petit;actif;2026-05-26;6;392;35;"festivals ; clubs sportifs";oui;oui;non;non
R0815;Atelier Tandem Pau;sérigraphe;Pau;non;petit;dormant;2025-11-01;212;219;19;"associations ; collectivités";oui;non;non;non
R0816;Collectif Cap Ouest;agence;Brest;non;petit;actif;2026-05-27;5;254;30;"brasseries et bars ; festivals";non;oui;non;non
R0817;Studio Sarment Metz;sérigraphe;Metz;non;moyen;dormant;2025-12-21;162;641;53;"collectivités ; festivals";oui;oui;non;non
R0818;Broderie Trait d'Union;brodeur;Barcelone;non;moyen;actif;2026-05-27;5;531;76;"associations ; entreprises";oui;non;non;non
R0819;Atelier Pixel Chambéry;sérigraphe;Chambéry;oui;petit;actif;2026-05-07;25;187;33;"clubs sportifs ; entreprises";oui;oui;non;non
R0820;Maison Garonne Genève;brodeur;Genève;oui;moyen;dormant;2026-03-06;87;777;82;"festivals ; brasseries et bars";oui;oui;non;non
R0821;Imprim'Cyan;sérigraphe;Bilbao;non;moyen;actif;2026-05-24;8;776;112;"festivals ; associations";oui;oui;non;non
R0822;Studio Lumière Béziers;sérigraphe;Béziers;non;moyen;dormant;2025-09-24;250;913;21;"entreprises ; brasseries et bars";oui;oui;non;non
R0823;Maison Pixel;brodeur;Strasbourg;non;petit;actif;2026-05-27;5;196;59;"associations ; festivals";oui;oui;non;non
R0824;Sérigraphie Vauban Brest;sérigraphe;Brest;non;petit;actif;2026-05-28;4;206;60;"collectivités ; festivals";oui;oui;non;non
R0825;Les Fils d'Alizé Reims;brodeur;Reims;non;grand;dormant;2025-07-17;319;2018;21;"clubs sportifs ; collectivités";oui;oui;non;non
R0826;Marquage Pixel La Rochelle;sérigraphe;La Rochelle;non;petit;dormant;2025-09-30;244;346;20;"festivals ; brasseries et bars";oui;oui;non;non
R0827;Séri'Granit;sérigraphe;Angers;non;petit;dormant;2026-01-13;139;202;40;"associations ; festivals";oui;oui;non;non
R0828;Agence Horizon;agence;Rennes;non;petit;actif;2026-05-31;1;218;39;"collectivités ; festivals";oui;oui;non;non
R0829;Atelier des Volcans Namur;brodeur;Namur;non;grand;dormant;2026-01-15;137;2004;119;"associations ; collectivités";oui;non;non;non
R0830;Imprim'Pixel Tours;sérigraphe;Tours;non;grand;actif;2026-05-31;1;1104;226;"brasseries et bars ; collectivités";oui;oui;non;oui
R0831;Les Fils d'Vermeil Limoges;brodeur;Limoges;non;moyen;actif;2026-05-27;5;937;88;"festivals ; brasseries et bars";oui;oui;non;non
R0832;Sérigraphie Ardoise Chambéry;sérigraphe;Chambéry;oui;moyen;actif;2026-05-28;4;631;85;"associations ; brasseries et bars";oui;oui;non;non
R0833;Print Estuaire;imprimeur;Bilbao;non;moyen;actif;2026-05-27;5;983;74;"entreprises ; associations";oui;non;non;non
R0834;Atelier Garonne Bayonne;sérigraphe;Bayonne;non;petit;dormant;2026-01-28;124;230;23;"associations ; clubs sportifs";oui;oui;non;non
R0835;Les Fils d'Quai Reims;brodeur;Reims;non;petit;dormant;2025-07-06;330;246;4;"clubs sportifs ; entreprises";oui;oui;non;non
R0836;Sérigraphie Éclat;sérigraphe;Angers;non;petit;actif;2026-05-28;4;252;59;"brasseries et bars ; clubs sportifs";oui;oui;oui;non
R0837;Textiprint Alizé;imprimeur;Troyes;non;moyen;dormant;2025-10-13;231;661;36;"associations ; brasseries et bars";oui;oui;non;non
R0838;Atelier Rhône Annecy;sérigraphe;Annecy;oui;petit;actif;2026-05-17;15;365;50;"associations ; brasseries et bars";oui;oui;non;non
R0839;Imprimerie Faubourg;imprimeur;Le Mans;non;petit;dormant;2025-07-28;308;232;7;"collectivités ; brasseries et bars";non;oui;oui;non
R0840;Imprim'Amarante Rennes;sérigraphe;Rennes;non;petit;actif;2026-05-22;10;223;59;"entreprises ; brasseries et bars";oui;oui;non;non
R0841;Sérigraphie Calanque;sérigraphe;Valence;oui;petit;actif;2026-05-21;11;248;43;"clubs sportifs ; brasseries et bars";oui;oui;non;non
R0842;Collectif Horizon;agence;Metz;non;moyen;dormant;2025-08-29;276;730;26;"clubs sportifs ; festivals";oui;oui;non;non
R0843;Atelier Mistral Besançon;sérigraphe;Besançon;non;petit;actif;2026-05-29;3;429;53;"festivals ; collectivités";oui;oui;non;non
R0844;Imprimerie Solstice Liège;imprimeur;Liège;non;petit;actif;2026-05-27;5;169;59;"festivals ; clubs sportifs";non;oui;non;non
R0845;Print du Lac;imprimeur;Strasbourg;non;moyen;actif;2026-05-30;2;467;118;"associations ; collectivités";oui;non;non;non
R0846;Maison Ypréau;brodeur;Béziers;non;petit;actif;2026-05-30;2;395;50;"festivals ; clubs sportifs";oui;oui;non;non
R0847;Studio Sarment Liège;agence;Liège;non;grand;dormant;2025-12-20;163;2207;111;"clubs sportifs ; festivals";oui;oui;non;oui
R0848;Collectif Cardinal Caen;agence;Caen;non;grand;dormant;2025-07-11;325;1170;16;"brasseries et bars ; clubs sportifs";oui;oui;non;non
R0849;Marquage Atlantique Limoges;sérigraphe;Limoges;non;moyen;dormant;2025-11-28;185;750;52;"brasseries et bars ; entreprises";oui;oui;non;non
R0850;Agence Faubourg;agence;Luxembourg;non;petit;dormant;2025-12-08;175;302;23;"festivals ; brasseries et bars";oui;oui;non;non
R0851;Collectif Faubourg Pau;agence;Pau;non;petit;actif;2026-05-31;1;165;57;"festivals ; collectivités";oui;oui;non;non
R0852;Séri'Quai Tours;sérigraphe;Tours;non;moyen;actif;2026-05-26;6;820;84;"clubs sportifs ; entreprises";oui;oui;non;non
R0853;Atelier Perspective Clermont-Ferrand;agence;Clermont-Ferrand;non;moyen;actif;2026-05-30;2;650;73;"clubs sportifs ; brasseries et bars";oui;oui;non;non
R0854;Sérigraphie Vermeil La Rochelle;sérigraphe;La Rochelle;non;moyen;dormant;2026-03-18;75;666;79;"collectivités ; clubs sportifs";oui;oui;non;non
R0855;Studio Zénith Troyes;sérigraphe;Troyes;non;petit;actif;2026-05-25;7;161;30;"brasseries et bars ; entreprises";oui;oui;non;non
R0856;Impression du Lac;imprimeur;Bilbao;non;grand;dormant;2025-07-31;305;2442;24;"associations ; entreprises";oui;non;non;non
R0857;Atelier Garonne Turin;brodeur;Turin;oui;petit;dormant;2025-07-01;335;251;5;"entreprises ; brasseries et bars";non;oui;non;non
R0858;Collectif Calanque Troyes;agence;Troyes;non;petit;dormant;2025-09-30;244;375;9;"collectivités ; festivals";non;oui;non;non
R0859;Brod'Ubac;brodeur;Rouen;non;petit;actif;2026-05-30;2;378;38;"entreprises ; clubs sportifs";oui;oui;non;non
R0860;Séri'Tandem;sérigraphe;Liège;non;petit;actif;2026-05-28;4;395;49;"collectivités ; entreprises";oui;non;non;non
R0861;Maison Ricochet;brodeur;Avignon;oui;grand;actif;2026-05-31;1;1984;126;"brasseries et bars ; collectivités";oui;oui;non;oui
R0862;Agence Hélice Dijon;agence;Dijon;non;moyen;dormant;2026-03-30;63;928;92;"festivals ; associations";oui;oui;non;non
R0863;Studio Estuaire;sérigraphe;Namur;non;petit;actif;2026-05-26;6;259;47;"collectivités ; entreprises";oui;non;non;non
R0864;Marquage Rhône;sérigraphe;Le Mans;non;moyen;actif;2026-05-28;4;655;107;"entreprises ; collectivités";oui;non;non;non
R0865;Séri'Ubac Amiens;sérigraphe;Amiens;non;petit;dormant;2025-08-11;294;381;12;"collectivités ; brasseries et bars";oui;oui;oui;non
R0866;Brod'Cardinal Mulhouse;brodeur;Mulhouse;non;grand;dormant;2025-07-09;327;1533;22;"brasseries et bars ; associations";oui;oui;non;non
R0867;Sérigraphie Vertigo Mulhouse;sérigraphe;Mulhouse;non;petit;dormant;2026-02-14;107;317;39;"brasseries et bars ; clubs sportifs";oui;oui;non;non
R0868;Brod'Perspective;brodeur;Saint-Étienne;oui;moyen;dormant;2026-03-02;91;601;48;"festivals ; collectivités";oui;oui;non;non
R0869;Agence Pixel Clermont-Ferrand;agence;Clermont-Ferrand;non;petit;dormant;2026-01-12;140;208;17;"collectivités ; associations";oui;non;non;non
R0870;Séri'Perspective Limoges;sérigraphe;Limoges;non;grand;dormant;2025-08-09;296;1420;36;"entreprises ; collectivités";oui;non;non;non
R0871;Agence Vertigo Metz;agence;Metz;non;petit;actif;2026-05-26;6;227;58;"associations ; festivals";oui;oui;non;non
R0872;Sérigraphie Perspective Nantes;sérigraphe;Nantes;non;petit;actif;2026-05-23;9;235;34;"collectivités ; associations";non;non;non;non
R0873;Les Fils d'Sud;brodeur;Mulhouse;non;petit;dormant;2025-12-28;155;378;21;"collectivités ; festivals";oui;oui;non;non
R0874;Les Fils d'Alizé;brodeur;Vannes;non;petit;dormant;2025-12-08;175;232;24;"collectivités ; associations";oui;non;non;non
R0875;Atelier Nord Metz;sérigraphe;Metz;non;moyen;actif;2026-05-31;1;719;78;"entreprises ; clubs sportifs";oui;oui;non;non
R0876;Point Ypréau;brodeur;Albi;non;grand;dormant;2025-10-17;227;2097;80;"clubs sportifs ; brasseries et bars";oui;oui;non;oui
R0877;Agence Ypréau Lyon;agence;Lyon;oui;petit;dormant;2026-02-03;118;393;27;"brasseries et bars ; clubs sportifs";oui;oui;non;non
R0878;Studio Zinc Bilbao;sérigraphe;Bilbao;non;petit;actif;2026-05-24;8;158;35;"entreprises ; clubs sportifs";oui;oui;non;non
R0879;Les Fils d'Basalte Nantes;brodeur;Nantes;non;petit;dormant;2026-03-17;76;362;26;"festivals ; brasseries et bars";non;oui;non;non
R0880;Marquage Pastel;sérigraphe;Liège;non;petit;dormant;2025-10-31;213;417;13;"entreprises ; festivals";oui;oui;non;non
R0881;Textiprint Nacre;imprimeur;Toulouse;non;moyen;dormant;2025-09-15;259;896;26;"clubs sportifs ; entreprises";oui;oui;non;non
R0882;Studio Cyan Albi;sérigraphe;Albi;non;petit;actif;2026-05-13;19;217;33;"entreprises ; associations";oui;non;non;non
R0883;Studio Boréal;sérigraphe;Orléans;non;petit;actif;2026-05-24;8;200;59;"entreprises ; festivals";oui;oui;non;non
R0884;Imprim'Ardoise;sérigraphe;Perpignan;non;petit;actif;2026-05-23;9;293;46;"entreprises ; associations";oui;non;non;non
R0885;Séri'Alizé Liège;sérigraphe;Liège;non;petit;dormant;2025-12-29;154;260;23;"festivals ; entreprises";oui;oui;non;non
R0886;Collectif Hélice;agence;Arras;non;grand;dormant;2025-09-19;255;2237;86;"clubs sportifs ; entreprises";oui;oui;non;non
R0887;Point Tramontane;brodeur;Brest;non;moyen;actif;2026-05-28;4;571;106;"associations ; collectivités";oui;non;non;non
R0888;Atelier Loire Valence;brodeur;Valence;oui;petit;dormant;2026-01-01;151;256;35;"entreprises ; associations";oui;non;non;non
R0889;Séri'Faubourg;sérigraphe;Metz;non;petit;actif;2026-05-29;3;374;49;"clubs sportifs ; festivals";oui;oui;non;non
R0890;Atelier Faubourg Bordeaux;sérigraphe;Bordeaux;non;grand;actif;2026-05-30;2;2087;249;"entreprises ; brasseries et bars";oui;oui;non;oui
R0891;Séri'Amarante Pau;sérigraphe;Pau;non;petit;dormant;2025-12-30;153;264;19;"associations ; clubs sportifs";oui;oui;non;non
R0892;Textiprint Nord Béziers;imprimeur;Béziers;non;moyen;actif;2026-05-23;9;747;94;"entreprises ; brasseries et bars";oui;oui;non;non
R0893;Imprim'Origami Pau;sérigraphe;Pau;non;grand;dormant;2025-12-20;163;2056;133;"collectivités ; entreprises";oui;non;non;non
R0894;Sérigraphie Cardinal Bruxelles;sérigraphe;Bruxelles;non;petit;actif;2026-05-30;2;406;42;"brasseries et bars ; associations";oui;oui;non;non
R0895;Sérigraphie Pastel;sérigraphe;Niort;non;moyen;dormant;2025-07-21;315;813;8;"brasseries et bars ; collectivités";oui;oui;non;non
R0896;Marquage Grand Angle;sérigraphe;Angers;non;petit;actif;2026-05-25;7;296;53;"clubs sportifs ; festivals";oui;oui;non;non
R0897;Séri'Alizé Lyon;sérigraphe;Lyon;oui;petit;dormant;2025-12-31;152;331;39;"festivals ; clubs sportifs";oui;oui;non;non
R0898;Atelier Ricochet Troyes;sérigraphe;Troyes;non;moyen;actif;2026-05-28;4;545;115;"clubs sportifs ; festivals";oui;oui;non;non
R0899;Point Solstice Nîmes;brodeur;Nîmes;oui;petit;dormant;2025-10-24;220;198;12;"brasseries et bars ; clubs sportifs";oui;oui;non;non
R0900;Print Kaolin;imprimeur;Rennes;non;petit;dormant;2026-01-12;140;240;44;"festivals ; associations";oui;oui;non;non
R0901;Sérigraphie Kaolin Quimper;sérigraphe;Quimper;non;moyen;dormant;2026-02-20;101;842;45;"associations ; brasseries et bars";oui;oui;non;non
R0902;Brod'Indigo;brodeur;Troyes;non;petit;dormant;2025-10-02;242;342;17;"clubs sportifs ; festivals";oui;oui;non;non
R0903;Atelier Boréal Amiens;agence;Amiens;non;moyen;actif;2026-05-26;6;871;109;"entreprises ; brasseries et bars";oui;oui;non;non
R0904;Atelier Deux Rives Troyes;agence;Troyes;non;moyen;dormant;2025-11-27;186;633;44;"festivals ; brasseries et bars";oui;oui;non;non
R0905;Studio Amarante Reims;agence;Reims;non;grand;actif;2026-05-26;6;1484;125;"associations ; festivals";oui;oui;non;oui
R0906;Broderie Origami Metz;brodeur;Metz;non;petit;dormant;2025-12-13;170;319;21;"associations ; collectivités";oui;non;non;non
R0907;Agence Lumière Turin;agence;Turin;oui;petit;dormant;2025-08-29;276;384;20;"clubs sportifs ; brasseries et bars";oui;oui;non;non
R0908;Collectif Tramontane Rouen;agence;Rouen;non;moyen;actif;2026-05-29;3;433;95;"entreprises ; collectivités";oui;non;non;non
R0909;Sérigraphie Horizon Bruxelles;sérigraphe;Bruxelles;non;petit;actif;2026-05-25;7;374;58;"brasseries et bars ; festivals";oui;oui;non;non
R0910;Maison Mistral;brodeur;Namur;non;grand;dormant;2025-09-25;249;2077;47;"festivals ; clubs sportifs";oui;oui;non;non
R0911;Studio Kaolin Niort;sérigraphe;Niort;non;moyen;actif;2026-05-25;7;721;93;"festivals ; associations";oui;oui;non;non
R0912;Sérigraphie Bleu Marine Strasbourg;sérigraphe;Strasbourg;non;petit;actif;2026-05-30;2;307;54;"associations ; brasseries et bars";oui;oui;non;non
R0913;Brod'Boréal;brodeur;Turin;oui;petit;dormant;2026-03-14;79;208;46;"entreprises ; brasseries et bars";oui;oui;non;non
R0914;Atelier Vermeil Barcelone;agence;Barcelone;non;petit;dormant;2025-10-22;222;296;11;"brasseries et bars ; clubs sportifs";non;oui;non;non
R0915;Collectif Pixel;agence;Strasbourg;non;grand;actif;2026-05-31;1;1518;176;"brasseries et bars ; entreprises";oui;oui;non;oui
R0916;Studio Tandem Quimper;sérigraphe;Quimper;non;moyen;actif;2026-05-25;7;456;96;"collectivités ; associations";oui;non;non;non
R0917;Sérigraphie Cardinal;sérigraphe;Nîmes;oui;petit;dormant;2026-02-06;115;223;43;"entreprises ; clubs sportifs";oui;oui;non;non
R0918;Imprimerie Tandem;imprimeur;Lyon;oui;moyen;dormant;2025-10-02;242;775;35;"clubs sportifs ; entreprises";oui;oui;non;non
R0919;Maison Bleu Marine;brodeur;Bruxelles;non;petit;actif;2026-05-26;6;227;44;"brasseries et bars ; collectivités";oui;oui;non;non
R0920;Les Fils d'Hélice;brodeur;Chambéry;oui;moyen;dormant;2026-03-28;65;718;87;"festivals ; associations";oui;oui;non;non
R0921;Studio Grand Angle Mulhouse;sérigraphe;Mulhouse;non;grand;dormant;2026-02-07;114;1766;141;"clubs sportifs ; associations";oui;oui;non;oui
R0922;Séri'Solstice Perpignan;sérigraphe;Perpignan;non;petit;actif;2026-05-21;11;292;47;"festivals ; entreprises";oui;oui;non;non
R0923;Agence Pixel;agence;Amiens;non;petit;actif;2026-04-25;37;279;35;"clubs sportifs ; festivals";oui;oui;non;non
R0924;Imprim'Loire Troyes;sérigraphe;Troyes;non;petit;dormant;2025-07-05;331;293;9;"festivals ; brasseries et bars";oui;oui;non;non
R0925;Studio Ardoise Limoges;sérigraphe;Limoges;non;petit;dormant;2025-12-30;153;302;22;"entreprises ; collectivités";oui;non;non;non
R0926;Atelier Rhône Le Mans;sérigraphe;Le Mans;non;petit;dormant;2025-10-29;215;394;17;"collectivités ; clubs sportifs";oui;oui;non;non
R0927;Les Fils d'Vermeil Vannes;brodeur;Vannes;non;petit;dormant;2025-12-09;174;254;36;"clubs sportifs ; brasseries et bars";oui;oui;non;non
R0928;Atelier du Lac Milan;agence;Milan;non;petit;dormant;2026-02-28;93;379;31;"entreprises ; festivals";oui;oui;non;non
R0929;Sérigraphie Ypréau Clermont-Ferrand;sérigraphe;Clermont-Ferrand;non;petit;dormant;2025-09-20;254;266;14;"entreprises ; collectivités";oui;non;non;non
R0930;Studio Ardoise Namur;agence;Namur;non;grand;dormant;2025-08-22;283;1868;56;"collectivités ; brasseries et bars";oui;oui;non;non
R0931;Collectif du Lac Poitiers;agence;Poitiers;non;grand;actif;2026-05-31;1;1879;125;"entreprises ; collectivités";oui;non;non;non
R0932;Maison Nord;brodeur;Arras;non;petit;dormant;2025-12-15;168;372;30;"entreprises ; brasseries et bars";oui;oui;non;non
R0933;Atelier Granit;agence;Saint-Étienne;oui;moyen;actif;2026-05-19;13;516;81;"brasseries et bars ; festivals";oui;oui;non;non
R0934;Collectif Cap Ouest Liège;agence;Liège;non;petit;actif;2026-05-09;23;324;49;"collectivités ; associations";oui;non;non;non
R0935;Agence Jonquille;agence;Angers;non;grand;dormant;2026-01-11;141;1484;100;"clubs sportifs ; brasseries et bars";oui;oui;non;oui
R0936;Brod'Ypréau;brodeur;Nîmes;oui;moyen;dormant;2025-08-01;304;824;19;"clubs sportifs ; associations";oui;oui;non;non
R0937;Studio du Lac Angers;agence;Angers;non;petit;actif;2026-05-29;3;322;50;"clubs sportifs ; brasseries et bars";oui;oui;non;non
R0938;Studio Quai La Rochelle;agence;La Rochelle;non;petit;dormant;2025-07-26;310;385;12;"collectivités ; entreprises";oui;non;non;non
R0939;Imprimerie Nacre Chambéry;imprimeur;Chambéry;oui;grand;dormant;2025-12-07;176;1935;132;"entreprises ; festivals";oui;oui;non;oui
R0940;Collectif Faubourg Quimper;agence;Quimper;non;moyen;actif;2026-05-28;4;583;89;"entreprises ; brasseries et bars";oui;oui;non;non
R0941;Maison Origami;brodeur;Bayonne;non;petit;actif;2026-05-26;6;308;32;"entreprises ; festivals";oui;oui;non;non
R0942;Atelier Atlantique Quimper;agence;Quimper;non;petit;actif;2026-05-29;3;264;49;"clubs sportifs ; brasseries et bars";oui;oui;non;non
R0943;Studio Cyan;agence;Luxembourg;non;petit;dormant;2025-11-04;209;222;24;"collectivités ; brasseries et bars";oui;oui;non;non
R0944;Imprim'Kaolin;sérigraphe;Mulhouse;non;moyen;dormant;2025-08-22;283;749;28;"collectivités ; associations";oui;non;non;non
R0945;Print Bleu Marine Perpignan;imprimeur;Perpignan;non;moyen;dormant;2025-12-20;163;432;61;"brasseries et bars ; clubs sportifs";oui;oui;non;non
R0946;Atelier Perspective Brest;agence;Brest;non;petit;actif;2026-05-29;3;196;30;"entreprises ; brasseries et bars";oui;oui;non;non
R0947;Agence Rhône Amiens;agence;Amiens;non;moyen;dormant;2026-03-15;78;559;57;"collectivités ; festivals";oui;oui;oui;non
R0948;Marquage Tramontane;sérigraphe;Grenoble;oui;petit;actif;2026-05-30;2;326;48;"associations ; brasseries et bars";oui;oui;non;non
R0949;Imprim'Nord Caen;sérigraphe;Caen;non;moyen;dormant;2025-07-17;319;762;11;"clubs sportifs ; associations";oui;oui;non;non
R0950;Broderie Rhône Tours;brodeur;Tours;non;moyen;actif;2026-05-30;2;478;74;"collectivités ; clubs sportifs";oui;oui;non;non
R0951;Imprim'Mistral Vannes;sérigraphe;Vannes;non;moyen;dormant;2026-03-07;86;716;60;"entreprises ; collectivités";oui;non;non;non
R0952;Les Fils d'Garonne;brodeur;Metz;non;moyen;dormant;2025-12-10;173;450;37;"clubs sportifs ; festivals";oui;oui;non;non
R0953;Sérigraphie Granit Saint-Étienne;sérigraphe;Saint-Étienne;oui;moyen;dormant;2025-09-28;246;440;26;"collectivités ; entreprises";oui;non;non;non
R0954;Séri'Kaolin Barcelone;sérigraphe;Barcelone;non;grand;dormant;2025-07-04;332;1389;13;"brasseries et bars ; collectivités";oui;oui;non;non
R0955;Marquage Horizon;sérigraphe;Bordeaux;non;petit;dormant;2026-01-31;121;218;30;"associations ; collectivités";oui;non;non;non
R0956;Sérigraphie Garonne Reims;sérigraphe;Reims;non;petit;actif;2026-05-31;1;389;48;"entreprises ; brasseries et bars";oui;oui;non;non
R0957;Séri'Faubourg Amiens;sérigraphe;Amiens;non;moyen;actif;2026-05-24;8;730;106;"collectivités ; associations";oui;non;oui;non
R0958;Agence Cyan;agence;Quimper;non;petit;actif;2026-05-31;1;229;36;"entreprises ; brasseries et bars";oui;oui;non;non
R0959;Agence Alizé Strasbourg;agence;Strasbourg;non;grand;actif;2026-05-31;1;1452;164;"brasseries et bars ; entreprises";oui;oui;non;oui
R0960;Brod'Garonne Besançon;brodeur;Besançon;non;petit;actif;2026-05-25;7;189;34;"collectivités ; festivals";oui;oui;non;non
R0961;Séri'Nacre Lille;sérigraphe;Lille;non;moyen;dormant;2025-09-30;244;862;30;"festivals ; brasseries et bars";oui;oui;non;non
R0962;Atelier Cap Ouest Albi;sérigraphe;Albi;non;petit;dormant;2025-08-24;281;295;17;"associations ; entreprises";oui;non;non;non
R0963;Atelier Garonne Brest;brodeur;Brest;non;petit;actif;2026-05-22;10;326;58;"brasseries et bars ; collectivités";oui;oui;non;non
R0964;Atelier Nacre Bordeaux;sérigraphe;Bordeaux;non;moyen;dormant;2026-02-26;95;751;70;"associations ; collectivités";oui;non;non;non
R0965;Agence Ricochet;agence;Barcelone;non;petit;actif;2026-05-19;13;184;45;"entreprises ; festivals";oui;oui;non;non
R0966;Studio Ricochet Nantes;sérigraphe;Nantes;non;petit;actif;2026-05-26;6;181;32;"brasseries et bars ; collectivités";oui;oui;non;non
R0967;Atelier Nord Amiens;sérigraphe;Amiens;non;petit;actif;2026-05-23;9;190;30;"entreprises ; clubs sportifs";oui;oui;non;non
R0968;Atelier Cyan Orléans;brodeur;Orléans;non;moyen;actif;2026-05-27;5;876;71;"brasseries et bars ; associations";oui;oui;non;non
R0969;Agence Vauban Rouen;agence;Rouen;non;moyen;actif;2026-05-07;25;835;80;"associations ; brasseries et bars";oui;oui;non;non
R0970;Séri'Cap Ouest;sérigraphe;Vannes;non;moyen;actif;2026-05-31;1;913;99;"clubs sportifs ; collectivités";oui;oui;non;non
R0971;Collectif Cyan Vannes;agence;Vannes;non;moyen;actif;2026-05-22;10;622;65;"festivals ; brasseries et bars";oui;oui;non;non
R0972;Atelier Vertigo Montpellier;sérigraphe;Montpellier;oui;moyen;dormant;2026-01-03;149;461;67;"clubs sportifs ; brasseries et bars";oui;oui;non;non
R0973;Imprim'Zénith Metz;sérigraphe;Metz;non;moyen;dormant;2025-11-05;208;548;41;"associations ; collectivités";oui;non;non;non
R0974;Maison Faubourg;brodeur;Vannes;non;petit;dormant;2025-12-29;154;165;18;"festivals ; entreprises";non;oui;non;non
R0975;Imprim'Jonquille;sérigraphe;Liège;non;moyen;dormant;2026-03-07;86;817;50;"collectivités ; festivals";oui;oui;non;non
R0976;Studio Ypréau Namur;agence;Namur;non;petit;actif;2026-05-28;4;386;50;"associations ; festivals";oui;oui;non;non
R0977;Marquage Jonquille;sérigraphe;Perpignan;non;petit;dormant;2025-07-15;321;184;3;"entreprises ; brasseries et bars";oui;oui;non;non
R0978;Studio Éclat Dijon;agence;Dijon;non;moyen;dormant;2025-12-11;172;487;45;"entreprises ; brasseries et bars";oui;oui;non;non
R0979;Agence Tramontane Nancy;agence;Nancy;non;moyen;actif;2026-05-31;1;480;93;"collectivités ; festivals";oui;oui;oui;non
R0980;Print Amarante Grenoble;imprimeur;Grenoble;oui;moyen;dormant;2026-01-02;150;548;63;"entreprises ; collectivités";oui;non;non;non
R0981;Marquage Vauban;sérigraphe;Caen;non;petit;actif;2026-05-15;17;413;40;"collectivités ; festivals";oui;oui;non;non
R0982;Séri'Kaolin Perpignan;sérigraphe;Perpignan;non;petit;dormant;2025-10-07;237;276;13;"brasseries et bars ; festivals";oui;oui;non;non
R0983;Point Basalte Metz;brodeur;Metz;non;petit;actif;2026-05-17;15;377;30;"clubs sportifs ; entreprises";oui;oui;non;non
R0984;Imprimerie Alizé;imprimeur;Nantes;non;petit;dormant;2025-07-22;314;363;7;"associations ; collectivités";oui;non;non;non
R0985;Atelier Granit Milan;agence;Milan;non;grand;actif;2026-05-22;10;1755;174;"brasseries et bars ; clubs sportifs";oui;oui;non;oui
R0986;Collectif Vauban;agence;Nantes;non;moyen;actif;2026-05-31;1;856;115;"collectivités ; entreprises";oui;non;non;non
R0987;Imprim'Sarment;sérigraphe;Besançon;non;petit;actif;2026-05-31;1;441;47;"festivals ; brasseries et bars";oui;oui;non;non
R0988;Collectif Rhône;agence;Liège;non;moyen;dormant;2026-01-10;142;656;46;"festivals ; brasseries et bars";oui;oui;non;non
R0989;Imprim'Ocre Troyes;sérigraphe;Troyes;non;moyen;dormant;2026-01-01;151;634;57;"collectivités ; associations";oui;non;non;non
R0990;Broderie Garonne;brodeur;Barcelone;non;moyen;actif;2026-05-28;4;599;60;"associations ; entreprises";oui;non;non;non
R0991;Maison Trait d'Union;brodeur;Grenoble;oui;moyen;dormant;2025-09-23;251;571;20;"entreprises ; brasseries et bars";non;oui;non;non
R0992;Agence Nord;agence;Dijon;non;moyen;actif;2026-05-26;6;884;78;"entreprises ; collectivités";oui;non;non;non
R0993;Sérigraphie Cyan Limoges;sérigraphe;Limoges;non;petit;actif;2026-05-31;1;293;53;"entreprises ; brasseries et bars";oui;oui;oui;non
R0994;Atelier Éclat Angers;brodeur;Angers;non;petit;actif;2026-05-02;30;395;42;"entreprises ; brasseries et bars";oui;oui;non;non
R0995;Imprim'Bleu Marine Montpellier;sérigraphe;Montpellier;oui;petit;actif;2026-05-03;29;294;40;"collectivités ; clubs sportifs";oui;oui;non;non
R0996;Marquage Sarment;sérigraphe;Lausanne;oui;moyen;dormant;2026-02-12;109;412;76;"brasseries et bars ; clubs sportifs";oui;oui;non;non
R0997;Collectif Faubourg;agence;Bordeaux;non;petit;actif;2026-05-31;1;233;36;"entreprises ; festivals";oui;oui;non;non
R0998;Brod'Sud;brodeur;Rennes;non;petit;dormant;2025-10-12;232;173;25;"festivals ; entreprises";oui;oui;non;non
R0999;Atelier Cyan Troyes;brodeur;Troyes;non;petit;actif;2026-05-31;1;196;60;"brasseries et bars ; clubs sportifs";oui;oui;non;non
R1000;Textiprint Éclat;imprimeur;Quimper;non;moyen;actif;2026-05-31;1;695;97;"associations ; collectivités";oui;non;non;non
R1001;Séri'Boréal Orléans;sérigraphe;Orléans;non;petit;actif;2026-05-28;4;329;41;"festivals ; entreprises";non;oui;non;non
R1002;Atelier Ricochet Poitiers;brodeur;Poitiers;non;petit;actif;2026-05-27;5;386;53;"brasseries et bars ; entreprises";oui;oui;non;non
R1003;Marquage Kaolin Valence;sérigraphe;Valence;oui;moyen;dormant;2026-02-02;119;883;57;"brasseries et bars ; associations";oui;oui;non;non
R1004;Imprimerie Ypréau;imprimeur;Lyon;oui;petit;actif;2026-05-19;13;382;37;"festivals ; entreprises";oui;oui;non;non
R1005;Séri'Garonne Béziers;sérigraphe;Béziers;non;moyen;dormant;2025-10-22;222;710;33;"associations ; brasseries et bars";oui;oui;non;non
R1006;Print Vermeil Lyon;imprimeur;Lyon;oui;grand;dormant;2026-03-07;86;1935;175;"brasseries et bars ; festivals";oui;oui;non;oui
R1007;Broderie Hélice Bruxelles;brodeur;Bruxelles;non;petit;actif;2026-05-23;9;306;50;"festivals ; brasseries et bars";oui;oui;non;non
R1008;Séri'Solstice;sérigraphe;Grenoble;oui;petit;dormant;2025-11-28;185;340;26;"entreprises ; festivals";oui;oui;non;non
R1009;Agence Éclat Amiens;agence;Amiens;non;petit;dormant;2025-08-09;296;421;12;"entreprises ; festivals";oui;oui;non;non
R1010;Collectif Ricochet;agence;Montpellier;oui;moyen;actif;2026-05-28;4;518;68;"collectivités ; associations";oui;non;non;non
R1011;Marquage Loire;sérigraphe;Saint-Étienne;oui;moyen;dormant;2026-02-25;96;458;71;"associations ; festivals";oui;oui;non;non
R1012;Print Éclat;imprimeur;Bordeaux;non;petit;dormant;2025-11-30;183;398;26;"collectivités ; associations";oui;non;non;non
R1013;Séri'Lumière Angers;sérigraphe;Angers;non;grand;dormant;2026-03-20;73;1624;154;"brasseries et bars ; festivals";oui;oui;non;oui
R1014;Maison Vauban;brodeur;Tours;non;petit;actif;2026-05-11;21;229;37;"entreprises ; associations";oui;non;non;non
R1015;Point Alizé Nantes;brodeur;Nantes;non;petit;dormant;2025-08-12;293;135;10;"associations ; entreprises";oui;non;non;non
R1016;Collectif Lumière;agence;Vannes;non;moyen;actif;2026-05-30;2;911;84;"festivals ; associations";oui;oui;non;non
R1017;Studio Garonne Metz;sérigraphe;Metz;non;moyen;dormant;2026-01-29;123;476;62;"clubs sportifs ; festivals";oui;oui;non;non
R1018;Collectif Quai;agence;Lyon;oui;moyen;dormant;2025-07-23;313;695;16;"brasseries et bars ; festivals";oui;oui;non;non
R1019;Agence Ubac;agence;Niort;non;moyen;dormant;2025-08-13;292;1077;19;"festivals ; entreprises";oui;oui;non;non
R1020;Collectif Origami Limoges;agence;Limoges;non;petit;dormant;2025-10-09;235;164;10;"festivals ; entreprises";oui;oui;non;non
R1021;Collectif Éclat;agence;Brest;non;petit;actif;2026-05-25;7;401;34;"festivals ; brasseries et bars";non;oui;non;non
R1022;Sérigraphie Amarante;sérigraphe;Bayonne;non;petit;dormant;2025-07-27;309;285;12;"brasseries et bars ; associations";oui;oui;non;non
R1023;Imprim'Solstice;sérigraphe;Béziers;non;moyen;actif;2026-05-29;3;435;105;"festivals ; associations";oui;oui;non;non
R1024;Séri'Nord;sérigraphe;Genève;oui;petit;dormant;2025-11-19;194;306;28;"festivals ; associations";oui;oui;non;non
R1025;Broderie Pixel Le Mans;brodeur;Le Mans;non;moyen;actif;2026-05-31;1;864;83;"collectivités ; brasseries et bars";oui;oui;non;non
R1026;Séri'Calanque Montpellier;sérigraphe;Montpellier;oui;petit;dormant;2025-12-08;175;349;26;"collectivités ; festivals";oui;oui;non;non
R1027;Impression Faubourg Rennes;imprimeur;Rennes;non;moyen;dormant;2026-03-15;78;675;92;"festivals ; clubs sportifs";oui;oui;non;non
R1028;Maison Quai;brodeur;Arras;non;petit;dormant;2026-02-04;117;357;30;"festivals ; associations";oui;oui;non;non
R1029;Marquage Tandem Béziers;sérigraphe;Béziers;non;moyen;dormant;2025-10-25;219;427;31;"festivals ; entreprises";oui;oui;non;non
R1030;Studio Estuaire Grenoble;sérigraphe;Grenoble;oui;petit;actif;2026-05-14;18;235;37;"collectivités ; festivals";oui;oui;non;non
R1031;Marquage Indigo;sérigraphe;Lausanne;oui;moyen;actif;2026-05-27;5;874;61;"brasseries et bars ; entreprises";oui;oui;oui;non
R1032;Séri'Lumière;sérigraphe;Vannes;non;petit;actif;2026-05-20;12;186;41;"entreprises ; festivals";oui;oui;non;non
R1033;Sérigraphie Vermeil Nantes;sérigraphe;Nantes;non;petit;actif;2026-05-25;7;379;58;"brasseries et bars ; festivals";oui;oui;non;non
R1034;Les Fils d'Quai Pau;brodeur;Pau;non;petit;actif;2026-05-24;8;322;48;"collectivités ; entreprises";oui;non;non;non
R1035;Imprim'Pastel Nantes;sérigraphe;Nantes;non;petit;dormant;2026-01-13;139;311;26;"festivals ; clubs sportifs";non;oui;non;non
R1036;Maison Vertigo;brodeur;Perpignan;non;moyen;actif;2026-05-21;11;696;92;"entreprises ; associations";oui;non;non;non
R1037;Marquage Ubac Limoges;sérigraphe;Limoges;non;petit;dormant;2025-12-04;179;291;30;"collectivités ; clubs sportifs";oui;oui;non;non
R1038;Sérigraphie Loire;sérigraphe;Albi;non;petit;dormant;2026-01-10;142;161;38;"associations ; clubs sportifs";oui;oui;non;non
R1039;Les Fils d'Nacre;brodeur;Troyes;non;petit;dormant;2025-10-18;226;191;21;"associations ; clubs sportifs";oui;oui;non;non
R1040;Brod'Zinc Quimper;brodeur;Quimper;non;moyen;actif;2026-05-25;7;618;62;"clubs sportifs ; entreprises";oui;oui;non;non
R1041;Atelier Pixel La Rochelle;agence;La Rochelle;non;petit;actif;2026-05-30;2;261;56;"collectivités ; associations";oui;non;non;non
R1042;Imprim'Boréal Vannes;sérigraphe;Vannes;non;moyen;dormant;2025-09-22;252;700;43;"collectivités ; brasseries et bars";oui;oui;oui;non
R1043;Marquage Lumière Bordeaux;sérigraphe;Bordeaux;non;petit;actif;2026-05-30;2;187;33;"collectivités ; associations";oui;non;non;non
R1044;Studio Vermeil Limoges;agence;Limoges;non;grand;actif;2026-05-30;2;1383;225;"brasseries et bars ; clubs sportifs";oui;oui;non;oui
R1045;Maison Tramontane;brodeur;Barcelone;non;moyen;actif;2026-05-19;13;856;70;"collectivités ; entreprises";oui;non;non;non
R1046;Print Nord;imprimeur;Niort;non;petit;actif;2026-05-29;3;271;53;"entreprises ; festivals";oui;oui;non;non
R1047;Les Fils d'Ricochet La Rochelle;brodeur;La Rochelle;non;petit;actif;2026-05-29;3;312;31;"entreprises ; associations";oui;non;non;non
R1048;Sérigraphie Basalte Strasbourg;sérigraphe;Strasbourg;non;petit;actif;2026-05-04;28;305;43;"entreprises ; collectivités";oui;non;non;non
R1049;Sérigraphie Cyan Nîmes;sérigraphe;Nîmes;oui;grand;actif;2026-05-29;3;960;138;"associations ; festivals";oui;oui;non;oui
R1050;Collectif Sud Reims;agence;Reims;non;petit;dormant;2025-09-02;272;394;8;"clubs sportifs ; collectivités";non;oui;non;non
R1051;Agence Pastel;agence;Avignon;oui;petit;dormant;2025-12-28;155;284;35;"clubs sportifs ; festivals";oui;oui;non;non
R1052;Agence Cyan Barcelone;agence;Barcelone;non;grand;dormant;2025-11-15;198;2280;69;"brasseries et bars ; associations";oui;oui;non;oui
R1053;Impression Nacre;imprimeur;Luxembourg;non;petit;dormant;2026-02-03;118;376;26;"brasseries et bars ; associations";oui;oui;non;non
R1054;Studio Grand Angle Besançon;agence;Besançon;non;moyen;dormant;2025-10-26;218;435;34;"associations ; collectivités";oui;non;non;non
R1055;Séri'Origami;sérigraphe;Poitiers;non;petit;dormant;2025-10-01;243;379;13;"brasseries et bars ; associations";oui;oui;non;non
R1056;Broderie Calanque La Rochelle;brodeur;La Rochelle;non;moyen;dormant;2026-01-27;125;911;77;"festivals ; associations";oui;oui;non;non
R1057;Imprimerie Perspective;imprimeur;Pau;non;petit;actif;2026-05-27;5;243;49;"clubs sportifs ; associations";oui;oui;non;non
R1058;Imprim'Granit Nancy;sérigraphe;Nancy;non;grand;dormant;2025-07-17;319;2267;18;"brasseries et bars ; festivals";oui;oui;non;non
R1059;Broderie Rhône Orléans;brodeur;Orléans;non;grand;actif;2026-05-29;3;1977;183;"collectivités ; entreprises";oui;non;non;non
R1060;Imprim'Cap Ouest;sérigraphe;Toulouse;non;petit;actif;2026-05-27;5;431;42;"festivals ; associations";oui;oui;non;non
R1061;Marquage Cardinal Annecy;sérigraphe;Annecy;oui;moyen;dormant;2025-08-15;290;843;17;"entreprises ; festivals";oui;oui;non;non
R1062;Atelier des Volcans Troyes;sérigraphe;Troyes;non;petit;actif;2026-05-23;9;343;58;"festivals ; collectivités";oui;oui;non;non
R1063;Print Jonquille Vannes;imprimeur;Vannes;non;petit;actif;2026-05-27;5;201;59;"clubs sportifs ; entreprises";oui;oui;non;non
R1064;Sérigraphie Pixel Poitiers;sérigraphe;Poitiers;non;petit;dormant;2025-12-11;172;388;31;"entreprises ; associations";oui;non;non;non
R1065;Imprim'Amarante;sérigraphe;Luxembourg;non;petit;actif;2026-05-22;10;384;59;"brasseries et bars ; festivals";oui;oui;non;non
R1066;Textiprint Basalte;imprimeur;Besançon;non;moyen;dormant;2025-08-30;275;894;16;"clubs sportifs ; collectivités";oui;oui;non;non
R1067;Marquage Ardoise Orléans;sérigraphe;Orléans;non;grand;actif;2026-05-30;2;1596;225;"brasseries et bars ; festivals";oui;oui;non;oui
R1068;Studio Basalte;sérigraphe;Bayonne;non;moyen;dormant;2025-08-28;277;595;28;"festivals ; brasseries et bars";oui;oui;non;non
R1069;Sérigraphie Ocre;sérigraphe;Turin;oui;grand;actif;2026-05-31;1;1640;180;"associations ; brasseries et bars";oui;oui;non;oui
R1070;Marquage Ardoise Nantes;sérigraphe;Nantes;non;moyen;dormant;2025-06-23;343;417;8;"associations ; brasseries et bars";oui;oui;oui;non
R1071;Studio du Lac Toulouse;sérigraphe;Toulouse;non;moyen;actif;2026-05-30;2;689;73;"entreprises ; associations";oui;non;non;non
R1072;Collectif Rhône Annecy;agence;Annecy;oui;moyen;dormant;2025-11-17;196;537;46;"brasseries et bars ; collectivités";oui;oui;non;non
R1073;Séri'Trait d'Union Le Mans;sérigraphe;Le Mans;non;petit;actif;2026-05-29;3;165;44;"collectivités ; brasseries et bars";oui;oui;non;non
R1074;Sérigraphie Loire Niort;sérigraphe;Niort;non;petit;dormant;2025-10-01;243;174;12;"festivals ; clubs sportifs";oui;oui;non;non
R1075;Séri'Vermeil Milan;sérigraphe;Milan;non;petit;actif;2026-05-25;7;168;48;"clubs sportifs ; associations";oui;oui;non;non
R1076;Collectif Kaolin Marseille;agence;Marseille;oui;moyen;actif;2026-05-30;2;467;92;"brasseries et bars ; entreprises";oui;oui;non;non
R1077;Agence Horizon Lausanne;agence;Lausanne;oui;petit;dormant;2026-01-09;143;333;23;"entreprises ; associations";oui;non;non;non
R1078;Séri'Cyan Rennes;sérigraphe;Rennes;non;petit;actif;2026-05-26;6;387;37;"associations ; brasseries et bars";non;oui;non;non
R1079;Collectif Estuaire Clermont-Ferrand;agence;Clermont-Ferrand;non;moyen;actif;2026-05-29;3;621;107;"associations ; collectivités";oui;non;non;non
R1080;Collectif Basalte;agence;Brest;non;petit;actif;2026-05-29;3;310;40;"festivals ; clubs sportifs";oui;oui;non;non
R1081;Imprimerie Lumière Niort;imprimeur;Niort;non;grand;dormant;2026-01-06;146;2208;166;"clubs sportifs ; brasseries et bars";oui;oui;non;oui
R1082;Atelier Ricochet Nîmes;agence;Nîmes;oui;grand;actif;2026-05-28;4;2128;158;"festivals ; brasseries et bars";oui;oui;non;oui
R1083;Agence Tramontane Pau;agence;Pau;non;moyen;actif;2026-05-19;13;616;108;"collectivités ; festivals";oui;oui;non;non
R1084;Agence Quai;agence;Lausanne;oui;petit;actif;2026-05-23;9;336;52;"clubs sportifs ; brasseries et bars";oui;oui;non;non
R1085;Broderie Indigo Nancy;brodeur;Nancy;non;moyen;dormant;2025-12-14;169;792;65;"associations ; collectivités";oui;non;non;non
R1086;Sérigraphie Tandem;sérigraphe;Bayonne;non;moyen;actif;2026-05-25;7;746;103;"clubs sportifs ; festivals";oui;oui;non;non
R1087;Impression Zinc;imprimeur;Dijon;non;moyen;actif;2026-05-26;6;569;93;"brasseries et bars ; entreprises";oui;oui;non;non
R1088;Séri'Ardoise Toulouse;sérigraphe;Toulouse;non;petit;dormant;2025-08-24;281;305;7;"associations ; collectivités";oui;non;non;non
R1089;Imprim'Cardinal Niort;sérigraphe;Niort;non;moyen;actif;2026-05-28;4;491;88;"brasseries et bars ; entreprises";oui;oui;non;non
R1090;Agence Deux Rives;agence;Niort;non;petit;dormant;2025-08-05;300;313;6;"entreprises ; collectivités";oui;non;non;non
R1091;Marquage Nacre Dijon;sérigraphe;Dijon;non;grand;dormant;2025-07-14;322;1081;15;"entreprises ; clubs sportifs";oui;oui;non;non
R1092;Atelier Vauban Nantes;agence;Nantes;non;petit;actif;2026-05-19;13;230;35;"brasseries et bars ; entreprises";oui;oui;non;non
R1093;Studio Ypréau Caen;agence;Caen;non;petit;dormant;2026-03-09;84;237;47;"collectivités ; brasseries et bars";oui;oui;non;non
R1094;Textiprint Granit;imprimeur;Genève;oui;petit;actif;2026-05-20;12;422;34;"clubs sportifs ; entreprises";oui;oui;non;non
R1095;Point Amarante;brodeur;Vannes;non;petit;actif;2026-05-30;2;271;44;"associations ; brasseries et bars";oui;oui;non;non
R1096;Studio Éclat Lille;agence;Lille;non;petit;dormant;2025-09-25;249;340;12;"brasseries et bars ; entreprises";non;oui;non;non
R1097;Sérigraphie Sud;sérigraphe;Clermont-Ferrand;non;grand;actif;2026-05-30;2;1836;233;"festivals ; collectivités";oui;oui;non;oui
R1098;Collectif Kaolin;agence;Le Mans;non;petit;dormant;2025-09-01;273;356;23;"festivals ; collectivités";oui;oui;non;non
R1099;Studio Solstice Saint-Étienne;agence;Saint-Étienne;oui;grand;dormant;2026-02-02;119;2096;93;"associations ; clubs sportifs";oui;oui;non;oui
R1100;Broderie Ypréau;brodeur;Amiens;non;grand;actif;2026-05-31;1;987;138;"entreprises ; collectivités";oui;non;non;non
R1101;Collectif Boréal Caen;agence;Caen;non;moyen;actif;2026-05-28;4;591;96;"clubs sportifs ; festivals";oui;oui;non;non
R1102;Atelier Grand Angle Toulouse;agence;Toulouse;non;petit;actif;2026-05-19;13;239;45;"entreprises ; festivals";oui;oui;non;non
R1103;Imprim'Ypréau Rouen;sérigraphe;Rouen;non;petit;dormant;2025-09-27;247;151;10;"associations ; festivals";oui;oui;non;non
R1104;Imprim'du Lac Bordeaux;sérigraphe;Bordeaux;non;moyen;actif;2026-05-29;3;804;93;"collectivités ; brasseries et bars";oui;oui;non;non
R1105;Collectif Ypréau Quimper;agence;Quimper;non;petit;actif;2026-05-24;8;187;38;"clubs sportifs ; entreprises";oui;oui;non;non
R1106;Sérigraphie Amarante Lausanne;sérigraphe;Lausanne;oui;petit;actif;2026-05-28;4;198;49;"collectivités ; entreprises";oui;non;non;non
R1107;Sérigraphie Nord Orléans;sérigraphe;Orléans;non;petit;actif;2026-05-25;7;308;31;"brasseries et bars ; associations";non;oui;non;non
R1108;Sérigraphie Ubac Le Mans;sérigraphe;Le Mans;non;grand;actif;2026-05-26;6;1164;240;"collectivités ; associations";oui;non;non;non
R1109;Collectif Horizon Clermont-Ferrand;agence;Clermont-Ferrand;non;grand;actif;2026-05-31;1;1934;226;"festivals ; collectivités";oui;oui;non;oui
R1110;Imprim'Rhône Rouen;sérigraphe;Rouen;non;moyen;dormant;2025-12-02;181;832;40;"festivals ; brasseries et bars";oui;oui;non;non
R1111;Textiprint Vermeil Rennes;imprimeur;Rennes;non;grand;dormant;2026-01-30;122;2293;131;"brasseries et bars ; clubs sportifs";oui;oui;non;oui
R1112;Collectif Faubourg Tours;agence;Tours;non;moyen;actif;2026-05-25;7;792;96;"collectivités ; brasseries et bars";oui;oui;non;non
R1113;Marquage Vauban Metz;sérigraphe;Metz;non;petit;dormant;2025-10-02;242;159;13;"brasseries et bars ; entreprises";non;oui;non;non
R1114;Imprim'Perspective Marseille;sérigraphe;Marseille;oui;moyen;dormant;2025-08-18;287;450;19;"collectivités ; brasseries et bars";oui;oui;non;non
R1115;Atelier des Volcans Limoges;sérigraphe;Limoges;non;moyen;dormant;2026-03-18;75;451;56;"brasseries et bars ; collectivités";oui;oui;non;non
R1116;Imprimerie Jonquille Lausanne;imprimeur;Lausanne;oui;petit;dormant;2025-12-02;181;309;29;"brasseries et bars ; entreprises";oui;oui;non;non
R1117;Impression Ardoise;imprimeur;Caen;non;petit;actif;2026-05-10;22;380;56;"entreprises ; brasseries et bars";oui;oui;non;non
R1118;Studio Horizon Luxembourg;sérigraphe;Luxembourg;non;moyen;dormant;2025-07-20;316;876;14;"brasseries et bars ; clubs sportifs";oui;oui;non;non
R1119;Imprim'Solstice Metz;sérigraphe;Metz;non;petit;actif;2026-05-31;1;285;32;"festivals ; entreprises";non;oui;non;non
R1120;Atelier Nacre Toulouse;agence;Toulouse;non;moyen;dormant;2025-11-25;188;491;36;"collectivités ; clubs sportifs";oui;oui;non;non
R1121;Marquage Cardinal;sérigraphe;Le Mans;non;moyen;actif;2026-05-28;4;699;113;"entreprises ; associations";oui;non;non;non
R1122;Agence Basalte Barcelone;agence;Barcelone;non;grand;actif;2026-05-31;1;1973;156;"festivals ; brasseries et bars";oui;oui;non;oui
R1123;Point Tramontane Rouen;brodeur;Rouen;non;moyen;actif;2026-05-28;4;884;79;"entreprises ; festivals";oui;oui;non;non
R1124;Maison Basalte;brodeur;Brest;non;moyen;actif;2026-05-31;1;677;86;"associations ; collectivités";oui;non;oui;non
R1125;Séri'Tramontane Metz;sérigraphe;Metz;non;moyen;actif;2026-05-31;1;844;119;"festivals ; clubs sportifs";oui;oui;non;non
R1126;Studio Ypréau Liège;sérigraphe;Liège;non;petit;actif;2026-05-23;9;213;54;"collectivités ; associations";oui;non;non;non
R1127;Séri'Boréal;sérigraphe;Rouen;non;petit;dormant;2025-12-20;163;301;23;"clubs sportifs ; entreprises";oui;oui;non;non
R1128;Sérigraphie Cap Ouest Annecy;sérigraphe;Annecy;oui;petit;actif;2026-05-09;23;411;43;"collectivités ; associations";oui;non;non;non
R1129;Atelier Estuaire Namur;sérigraphe;Namur;non;petit;actif;2026-05-24;8;320;40;"festivals ; entreprises";oui;oui;non;non
R1130;Atelier Nacre Namur;agence;Namur;non;petit;actif;2026-05-28;4;274;39;"collectivités ; clubs sportifs";oui;oui;non;non
R1131;Atelier Atlantique Lyon;agence;Lyon;oui;grand;dormant;2025-09-28;246;1611;70;"festivals ; clubs sportifs";oui;oui;non;non
R1132;Sérigraphie Ypréau;sérigraphe;Quimper;non;petit;dormant;2025-09-26;248;309;18;"festivals ; collectivités";oui;oui;non;non
R1133;Marquage Faubourg Béziers;sérigraphe;Béziers;non;grand;dormant;2026-02-19;102;1862;137;"festivals ; entreprises";oui;oui;non;oui
R1134;Imprim'Sud;sérigraphe;Bilbao;non;moyen;dormant;2025-10-16;228;892;21;"collectivités ; associations";oui;non;non;non
R1135;Impression Bleu Marine;imprimeur;La Rochelle;non;petit;dormant;2025-07-13;323;297;9;"festivals ; brasseries et bars";oui;oui;non;non
R1136;Point des Volcans Niort;brodeur;Niort;non;grand;dormant;2025-12-19;164;1875;96;"brasseries et bars ; associations";oui;oui;non;oui
R1137;Maison Garonne Reims;brodeur;Reims;non;petit;dormant;2025-06-27;339;203;4;"entreprises ; associations";oui;non;non;non
R1138;Brod'Grand Angle Avignon;brodeur;Avignon;oui;petit;actif;2026-05-19;13;380;42;"collectivités ; clubs sportifs";oui;oui;non;non
R1139;Séri'Bleu Marine Marseille;sérigraphe;Marseille;oui;petit;actif;2026-05-06;26;286;50;"brasseries et bars ; clubs sportifs";oui;oui;non;non
R1140;Sérigraphie du Lac Albi;sérigraphe;Albi;non;moyen;dormant;2025-11-02;211;596;46;"associations ; entreprises";oui;non;non;non
R1141;Agence Loire Genève;agence;Genève;oui;petit;actif;2026-05-31;1;294;52;"festivals ; collectivités";oui;oui;non;non
R1142;Studio Rhône Vannes;agence;Vannes;non;petit;actif;2026-05-17;15;190;46;"entreprises ; brasseries et bars";oui;oui;non;non
R1143;Point Cardinal;brodeur;Clermont-Ferrand;non;petit;actif;2026-05-25;7;293;49;"collectivités ; associations";oui;non;non;non
R1144;Imprimerie Zinc;imprimeur;Milan;non;petit;actif;2026-05-27;5;239;49;"entreprises ; brasseries et bars";oui;oui;oui;non
R1145;Séri'Estuaire Nancy;sérigraphe;Nancy;non;moyen;actif;2026-05-28;4;702;75;"festivals ; brasseries et bars";oui;oui;non;non
R1146;Textiprint Loire;imprimeur;Annecy;oui;petit;dormant;2025-07-19;317;169;7;"clubs sportifs ; collectivités";non;oui;non;non
R1147;Sérigraphie Perspective;sérigraphe;Genève;oui;petit;dormant;2025-09-11;263;431;3;"festivals ; collectivités";non;oui;non;non
R1148;Broderie Perspective Perpignan;brodeur;Perpignan;non;petit;actif;2026-05-29;3;195;52;"festivals ; clubs sportifs";oui;oui;non;non
R1149;Studio Tramontane Bordeaux;sérigraphe;Bordeaux;non;grand;dormant;2025-09-10;264;1105;46;"associations ; festivals";oui;oui;non;non
R1150;Imprim'Trait d'Union Orléans;sérigraphe;Orléans;non;moyen;dormant;2026-03-28;65;862;55;"collectivités ; clubs sportifs";oui;oui;non;non
R1151;Séri'Tramontane;sérigraphe;Turin;oui;petit;dormant;2025-07-13;323;191;5;"associations ; festivals";non;oui;non;non
R1152;Les Fils d'Tandem;brodeur;Milan;non;petit;actif;2026-05-22;10;414;31;"festivals ; brasseries et bars";oui;oui;non;non
R1153;Impression Vauban;imprimeur;Béziers;non;petit;dormant;2025-11-24;189;188;23;"entreprises ; collectivités";oui;non;non;non
R1154;Studio Tramontane Bayonne;sérigraphe;Bayonne;non;petit;actif;2026-05-13;19;224;32;"clubs sportifs ; associations";non;oui;non;non
R1155;Studio Hélice Nancy;sérigraphe;Nancy;non;moyen;dormant;2025-10-17;227;858;31;"associations ; clubs sportifs";oui;oui;non;non
R1156;Textiprint Pastel;imprimeur;Annecy;oui;petit;dormant;2026-01-04;148;207;22;"brasseries et bars ; clubs sportifs";oui;oui;non;non
R1157;Imprim'des Volcans Rennes;sérigraphe;Rennes;non;moyen;actif;2026-05-31;1;522;84;"entreprises ; collectivités";oui;non;non;non
R1158;Maison Ardoise;brodeur;Besançon;non;petit;dormant;2025-09-14;260;283;13;"entreprises ; brasseries et bars";oui;oui;non;non
R1159;Marquage Ardoise Perpignan;sérigraphe;Perpignan;non;petit;dormant;2025-08-15;290;276;7;"festivals ; entreprises";non;oui;non;non
R1160;Séri'Ubac;sérigraphe;Caen;non;moyen;actif;2026-05-25;7;714;95;"collectivités ; brasseries et bars";oui;oui;non;non
R1161;Maison Grand Angle;brodeur;Bordeaux;non;petit;dormant;2026-01-26;126;390;27;"brasseries et bars ; festivals";oui;oui;non;non
R1162;Marquage Nord;sérigraphe;Dijon;non;moyen;dormant;2025-08-21;284;861;27;"brasseries et bars ; associations";oui;oui;non;non
R1163;Atelier Nacre Annecy;agence;Annecy;oui;petit;actif;2026-05-29;3;336;45;"associations ; brasseries et bars";oui;oui;non;non
R1164;Imprimerie Granit Namur;imprimeur;Namur;non;moyen;dormant;2026-02-27;94;454;57;"entreprises ; collectivités";oui;non;non;non
R1165;Textiprint Estuaire;imprimeur;Poitiers;non;moyen;actif;2026-05-25;7;593;102;"entreprises ; brasseries et bars";oui;oui;non;non
R1166;Atelier Garonne Chambéry;sérigraphe;Chambéry;oui;petit;dormant;2026-03-18;75;300;38;"collectivités ; brasseries et bars";oui;oui;non;non
R1167;Sérigraphie des Volcans Le Mans;sérigraphe;Le Mans;non;petit;dormant;2026-03-08;85;360;44;"brasseries et bars ; associations";oui;oui;non;non
R1168;Atelier Cardinal Brest;sérigraphe;Brest;non;petit;dormant;2025-12-24;159;306;24;"collectivités ; entreprises";oui;non;non;non
R1169;Sérigraphie Faubourg Rouen;sérigraphe;Rouen;non;petit;actif;2026-05-23;9;267;30;"entreprises ; associations";oui;non;non;non
R1170;Marquage Nord Milan;sérigraphe;Milan;non;grand;dormant;2025-12-17;166;1721;96;"clubs sportifs ; collectivités";oui;oui;non;oui
R1171;Atelier Cap Ouest La Rochelle;sérigraphe;La Rochelle;non;petit;dormant;2026-02-03;118;176;31;"entreprises ; festivals";oui;oui;non;non
R1172;Collectif Bleu Marine Le Mans;agence;Le Mans;non;petit;dormant;2025-07-20;316;203;5;"brasseries et bars ; entreprises";oui;oui;non;non
R1173;Séri'Hélice Vannes;sérigraphe;Vannes;non;moyen;dormant;2025-07-14;322;756;14;"associations ; clubs sportifs";oui;oui;non;non
R1174;Séri'Boréal Turin;sérigraphe;Turin;oui;moyen;dormant;2025-11-14;199;435;38;"collectivités ; festivals";oui;oui;non;non
R1175;Marquage Cap Ouest Lausanne;sérigraphe;Lausanne;oui;grand;dormant;2025-10-20;224;2252;88;"brasseries et bars ; festivals";oui;oui;non;oui
R1176;Sérigraphie Vauban Namur;sérigraphe;Namur;non;petit;actif;2026-05-28;4;428;48;"collectivités ; associations";oui;non;non;non
R1177;Collectif Amarante Perpignan;agence;Perpignan;non;petit;dormant;2025-10-02;242;157;10;"brasseries et bars ; clubs sportifs";oui;oui;non;non
R1178;Brod'Alizé Tours;brodeur;Tours;non;petit;dormant;2025-08-09;296;293;10;"clubs sportifs ; associations";oui;oui;non;non
R1179;Imprim'Calanque;sérigraphe;Bilbao;non;moyen;actif;2026-05-29;3;605;97;"associations ; brasseries et bars";oui;oui;non;non
R1180;Textiprint Pixel;imprimeur;Caen;non;petit;dormant;2025-07-05;331;396;8;"entreprises ; collectivités";oui;non;non;non
R1181;Les Fils d'Ypréau;brodeur;Luxembourg;non;moyen;actif;2026-05-31;1;666;99;"festivals ; entreprises";oui;oui;non;non
R1182;Atelier Trait d'Union Angers;sérigraphe;Angers;non;petit;actif;2026-05-25;7;232;45;"festivals ; associations";oui;oui;non;non
R1183;Studio Hélice Valence;agence;Valence;oui;grand;dormant;2026-03-15;78;1805;174;"clubs sportifs ; entreprises";oui;oui;oui;non
R1184;Point Ocre;brodeur;Nantes;non;petit;actif;2026-05-24;8;439;38;"brasseries et bars ; associations";oui;oui;non;non
R1185;Marquage Nord Metz;sérigraphe;Metz;non;petit;actif;2026-04-21;41;261;31;"brasseries et bars ; festivals";oui;oui;non;non
R1186;Imprim'Estuaire Nancy;sérigraphe;Nancy;non;petit;actif;2026-05-30;2;334;47;"brasseries et bars ; clubs sportifs";oui;oui;non;non
R1187;Séri'des Volcans Limoges;sérigraphe;Limoges;non;petit;actif;2026-05-28;4;246;52;"collectivités ; entreprises";oui;non;non;non
R1188;Marquage Zénith Chambéry;sérigraphe;Chambéry;oui;petit;actif;2026-05-27;5;383;55;"clubs sportifs ; collectivités";oui;oui;non;non
R1189;Atelier Éclat Arras;sérigraphe;Arras;non;petit;dormant;2025-08-15;290;268;8;"clubs sportifs ; festivals";oui;oui;non;non
R1190;Marquage Tandem;sérigraphe;Montpellier;oui;petit;dormant;2026-02-25;96;397;47;"associations ; brasseries et bars";oui;oui;non;non
R1191;Studio Sarment Annecy;sérigraphe;Annecy;oui;grand;dormant;2025-11-18;195;2167;108;"collectivités ; entreprises";oui;non;non;non
R1192;Atelier Tandem Saint-Étienne;sérigraphe;Saint-Étienne;oui;petit;actif;2026-05-31;1;174;39;"collectivités ; brasseries et bars";oui;oui;non;non
R1193;Marquage Estuaire Luxembourg;sérigraphe;Luxembourg;non;moyen;dormant;2026-03-03;90;898;60;"clubs sportifs ; associations";oui;oui;non;non
R1194;Agence Calanque Rouen;agence;Rouen;non;petit;actif;2026-05-26;6;355;32;"associations ; collectivités";oui;non;non;non
R1195;Marquage Trait d'Union Caen;sérigraphe;Caen;non;moyen;dormant;2025-10-06;238;604;27;"collectivités ; festivals";oui;oui;non;non
R1196;Studio Ypréau Avignon;sérigraphe;Avignon;oui;petit;actif;2026-05-29;3;184;60;"entreprises ; collectivités";oui;non;non;non
R1197;Maison Quai Clermont-Ferrand;brodeur;Clermont-Ferrand;non;petit;actif;2026-05-31;1;227;30;"brasseries et bars ; festivals";oui;oui;non;non
R1198;Atelier Éclat Mulhouse;agence;Mulhouse;non;petit;actif;2026-05-31;1;327;37;"festivals ; collectivités";oui;oui;non;non
R1199;Imprimerie Vermeil Troyes;imprimeur;Troyes;non;petit;dormant;2025-08-28;277;296;11;"associations ; collectivités";oui;non;non;non
R1200;Imprim'Ubac Tours;sérigraphe;Tours;non;petit;dormant;2025-12-25;158;212;23;"collectivités ; associations";oui;non;non;non
R1201;Imprim'Indigo Quimper;sérigraphe;Quimper;non;moyen;dormant;2025-10-10;234;924;32;"associations ; entreprises";oui;non;non;non
R1202;Maison Sud Angers;brodeur;Angers;non;grand;actif;2026-05-30;2;1392;153;"brasseries et bars ; festivals";oui;oui;non;oui
R1203;Séri'Cyan Valence;sérigraphe;Valence;oui;grand;actif;2026-05-31;1;1574;192;"associations ; brasseries et bars";oui;oui;non;oui
R1204;Studio Kaolin Toulouse;sérigraphe;Toulouse;non;petit;dormant;2026-03-09;84;222;32;"festivals ; brasseries et bars";oui;oui;non;non
R1205;Maison Jonquille Saint-Étienne;brodeur;Saint-Étienne;oui;moyen;actif;2026-05-31;1;774;101;"collectivités ; festivals";oui;oui;non;non
R1206;Sérigraphie Nord Mulhouse;sérigraphe;Mulhouse;non;petit;actif;2026-05-15;17;197;57;"festivals ; collectivités";oui;oui;non;non
R1207;Collectif Deux Rives Barcelone;agence;Barcelone;non;moyen;actif;2026-05-29;3;526;66;"brasseries et bars ; clubs sportifs";oui;oui;non;non
R1208;Broderie Vertigo;brodeur;Lille;non;moyen;actif;2026-05-30;2;615;111;"clubs sportifs ; brasseries et bars";oui;oui;non;non
R1209;Sérigraphie Ardoise Luxembourg;sérigraphe;Luxembourg;non;petit;dormant;2025-12-04;179;220;28;"associations ; clubs sportifs";oui;oui;non;non
R1210;Imprim'Ocre Luxembourg;sérigraphe;Luxembourg;non;petit;actif;2026-05-26;6;370;38;"entreprises ; collectivités";oui;non;non;non
R1211;Studio Trait d'Union Avignon;agence;Avignon;oui;petit;actif;2026-05-23;9;257;34;"brasseries et bars ; associations";oui;oui;non;non
R1212;Les Fils d'Lumière Milan;brodeur;Milan;non;petit;actif;2026-05-23;9;222;41;"clubs sportifs ; entreprises";oui;oui;non;non
R1213;Imprim'Sarment Lille;sérigraphe;Lille;non;moyen;dormant;2025-10-10;234;549;21;"brasseries et bars ; collectivités";oui;oui;non;non
R1214;Atelier Pixel Angers;agence;Angers;non;petit;actif;2026-05-03;29;178;38;"clubs sportifs ; brasseries et bars";oui;oui;non;non
R1215;Marquage Jonquille Orléans;sérigraphe;Orléans;non;moyen;dormant;2025-07-13;323;510;14;"entreprises ; brasseries et bars";oui;oui;non;non
R1216;Studio Sarment Troyes;sérigraphe;Troyes;non;moyen;actif;2026-05-30;2;571;117;"brasseries et bars ; collectivités";oui;oui;non;non
R1217;Imprimerie Grand Angle;imprimeur;Caen;non;petit;dormant;2025-10-05;239;237;17;"brasseries et bars ; associations";oui;oui;non;non
R1218;Atelier Loire Strasbourg;sérigraphe;Strasbourg;non;petit;actif;2026-05-31;1;308;54;"associations ; collectivités";oui;non;non;non
R1219;Atelier Rhône Genève;sérigraphe;Genève;oui;petit;actif;2026-05-29;3;314;56;"clubs sportifs ; associations";oui;oui;non;non
R1220;Marquage Garonne Liège;sérigraphe;Liège;non;petit;actif;2026-05-29;3;205;49;"festivals ; entreprises";oui;oui;non;non
R1221;Atelier Calanque Strasbourg;agence;Strasbourg;non;petit;actif;2026-05-31;1;361;31;"collectivités ; associations";oui;non;non;non
R1222;Sérigraphie Nord;sérigraphe;Lille;non;moyen;dormant;2025-10-09;235;650;34;"entreprises ; clubs sportifs";oui;oui;non;non
R1223;Atelier Alizé Luxembourg;sérigraphe;Luxembourg;non;moyen;actif;2026-05-25;7;761;75;"clubs sportifs ; associations";oui;oui;non;non
R1224;Collectif Loire;agence;Toulouse;non;petit;dormant;2025-09-09;265;394;10;"clubs sportifs ; festivals";oui;oui;non;non
R1225;Print Alizé;imprimeur;Vannes;non;petit;dormant;2026-01-11;141;260;22;"brasseries et bars ; associations";oui;oui;non;non
R1226;Imprimerie Zénith;imprimeur;Caen;non;petit;dormant;2025-10-21;223;306;21;"entreprises ; clubs sportifs";oui;oui;non;non
R1227;Sérigraphie Garonne Bilbao;sérigraphe;Bilbao;non;moyen;actif;2026-05-27;5;634;60;"clubs sportifs ; associations";oui;oui;non;non
R1228;Broderie Nacre Genève;brodeur;Genève;oui;moyen;actif;2026-05-31;1;444;67;"festivals ; brasseries et bars";oui;oui;non;non
R1229;Impression Horizon;imprimeur;Perpignan;non;grand;dormant;2026-01-04;148;1742;132;"collectivités ; entreprises";oui;non;oui;non
R1230;Collectif Amarante Toulouse;agence;Toulouse;non;grand;dormant;2025-12-11;172;1900;128;"brasseries et bars ; entreprises";oui;oui;non;oui
R1231;Marquage Pixel Limoges;sérigraphe;Limoges;non;petit;dormant;2026-02-26;95;334;41;"collectivités ; festivals";oui;oui;non;non
R1232;Studio Cyan Lyon;sérigraphe;Lyon;oui;petit;dormant;2026-03-12;81;421;43;"festivals ; associations";oui;oui;non;non
R1233;Brod'Ardoise Marseille;brodeur;Marseille;oui;moyen;dormant;2026-02-08;113;939;58;"collectivités ; associations";oui;non;non;non
R1234;Séri'Cap Ouest Limoges;sérigraphe;Limoges;non;petit;actif;2026-05-26;6;198;57;"associations ; collectivités";oui;non;non;non
R1235;Agence Bleu Marine Mulhouse;agence;Mulhouse;non;moyen;actif;2026-05-31;1;758;67;"entreprises ; clubs sportifs";oui;oui;non;non
R1236;Séri'Nacre Bruxelles;sérigraphe;Bruxelles;non;petit;dormant;2025-07-30;306;367;8;"entreprises ; brasseries et bars";oui;oui;non;non
R1237;Imprim'Alizé;sérigraphe;Rouen;non;moyen;actif;2026-05-22;10;621;81;"entreprises ; associations";oui;non;non;non
R1238;Séri'Ricochet Brest;sérigraphe;Brest;non;petit;dormant;2025-10-06;238;444;16;"festivals ; clubs sportifs";oui;oui;non;non
R1239;Broderie Atlantique Dijon;brodeur;Dijon;non;grand;actif;2026-05-31;1;1096;230;"entreprises ; clubs sportifs";oui;oui;non;oui
R1240;Print Nacre;imprimeur;Dijon;non;petit;dormant;2025-08-03;302;375;12;"brasseries et bars ; clubs sportifs";oui;oui;non;non
R1241;Collectif Tramontane Amiens;agence;Amiens;non;petit;actif;2026-05-30;2;375;54;"brasseries et bars ; festivals";oui;oui;non;non
R1242;Print Boréal;imprimeur;Grenoble;oui;petit;dormant;2025-10-16;228;263;18;"brasseries et bars ; associations";oui;oui;non;non
R1243;Les Fils d'Cap Ouest;brodeur;Toulouse;non;petit;actif;2026-05-27;5;288;34;"collectivités ; entreprises";oui;non;non;non
R1244;Agence Zénith;agence;Lyon;oui;petit;actif;2026-05-22;10;207;32;"festivals ; entreprises";oui;oui;non;non
R1245;Les Fils d'Cyan;brodeur;Lausanne;oui;moyen;actif;2026-05-31;1;874;96;"festivals ; brasseries et bars";oui;oui;non;non
R1246;Collectif Granit Namur;agence;Namur;non;petit;dormant;2026-01-08;144;294;23;"brasseries et bars ; clubs sportifs";non;oui;non;non
R1247;Collectif Perspective Limoges;agence;Limoges;non;petit;actif;2026-05-29;3;352;44;"brasseries et bars ; associations";oui;oui;non;non
R1248;Agence Estuaire Tours;agence;Tours;non;petit;actif;2026-05-31;1;300;34;"associations ; clubs sportifs";oui;oui;non;non
R1249;Imprim'Zénith Nantes;sérigraphe;Nantes;non;grand;actif;2026-05-29;3;1213;222;"entreprises ; festivals";oui;oui;non;oui
R1250;Atelier Vauban Marseille;agence;Marseille;oui;petit;actif;2026-05-11;21;284;48;"festivals ; associations";oui;oui;non;non
R1251;Point Mistral Lyon;brodeur;Lyon;oui;petit;dormant;2025-08-27;278;359;11;"brasseries et bars ; associations";oui;oui;oui;non
R1252;Maison Indigo;brodeur;Barcelone;non;petit;dormant;2025-07-16;320;288;5;"collectivités ; associations";oui;non;non;non
R1253;Brod'Vermeil;brodeur;Dijon;non;grand;dormant;2025-07-26;310;2005;39;"entreprises ; associations";oui;non;non;non
R1254;Studio Nord Avignon;agence;Avignon;oui;moyen;dormant;2025-08-25;280;697;24;"entreprises ; associations";oui;non;non;non
R1255;Séri'Trait d'Union Dijon;sérigraphe;Dijon;non;petit;actif;2026-05-30;2;235;54;"entreprises ; clubs sportifs";oui;oui;non;non
R1256;Séri'Faubourg Toulouse;sérigraphe;Toulouse;non;petit;actif;2026-05-17;15;338;36;"brasseries et bars ; entreprises";oui;oui;non;non
R1257;Séri'Vertigo Pau;sérigraphe;Pau;non;petit;actif;2026-05-30;2;352;48;"festivals ; clubs sportifs";oui;oui;non;non
R1258;Imprimerie Vauban;imprimeur;Annecy;oui;petit;actif;2026-05-21;11;200;56;"collectivités ; brasseries et bars";oui;oui;non;non
R1259;Studio Tandem Le Mans;sérigraphe;Le Mans;non;moyen;actif;2026-05-28;4;557;111;"entreprises ; collectivités";oui;non;non;non
R1260;Agence Grand Angle Le Mans;agence;Le Mans;non;petit;dormant;2025-10-27;217;407;14;"brasseries et bars ; associations";oui;oui;non;non
R1261;Imprimerie Basalte Milan;imprimeur;Milan;non;petit;actif;2026-05-25;7;305;50;"collectivités ; brasseries et bars";oui;oui;non;non
R1262;Marquage Vermeil Reims;sérigraphe;Reims;non;moyen;actif;2026-05-29;3;548;83;"brasseries et bars ; entreprises";oui;oui;non;non
R1263;Imprimerie Estuaire Nantes;imprimeur;Nantes;non;petit;actif;2026-05-26;6;202;38;"festivals ; clubs sportifs";oui;oui;non;non
R1264;Point Ocre Troyes;brodeur;Troyes;non;moyen;actif;2026-05-31;1;458;109;"collectivités ; entreprises";oui;non;non;non
R1265;Agence Solstice;agence;Nîmes;oui;petit;actif;2026-05-21;11;170;35;"entreprises ; clubs sportifs";non;oui;non;non
R1266;Brod'Ardoise;brodeur;Nîmes;oui;moyen;dormant;2025-10-30;214;543;35;"collectivités ; associations";oui;non;non;non
R1267;Agence Loire Lyon;agence;Lyon;oui;grand;actif;2026-05-30;2;1795;145;"collectivités ; brasseries et bars";oui;oui;non;oui
R1268;Séri'Trait d'Union Angers;sérigraphe;Angers;non;petit;actif;2026-05-28;4;347;50;"collectivités ; festivals";oui;oui;non;non
R1269;Brod'Estuaire;brodeur;Poitiers;non;petit;actif;2026-05-24;8;343;57;"clubs sportifs ; associations";oui;oui;non;non
R1270;Textiprint Perspective;imprimeur;Avignon;oui;petit;dormant;2025-11-30;183;225;24;"entreprises ; clubs sportifs";oui;oui;oui;non
R1271;Imprimerie Ocre Strasbourg;imprimeur;Strasbourg;non;moyen;dormant;2026-01-27;125;894;58;"clubs sportifs ; brasseries et bars";oui;oui;non;non
R1272;Marquage Ypréau;sérigraphe;Tours;non;petit;actif;2026-05-25;7;236;56;"associations ; entreprises";oui;non;non;non
R1273;Textiprint Kaolin Nancy;imprimeur;Nancy;non;petit;dormant;2026-01-26;126;367;30;"entreprises ; brasseries et bars";oui;oui;non;non
R1274;Agence Cardinal Toulouse;agence;Toulouse;non;moyen;dormant;2025-08-01;304;575;14;"associations ; clubs sportifs";oui;oui;non;non
R1275;Séri'Cap Ouest Lille;sérigraphe;Lille;non;petit;actif;2026-05-18;14;376;58;"clubs sportifs ; brasseries et bars";oui;oui;non;non
R1276;Studio Origami La Rochelle;sérigraphe;La Rochelle;non;moyen;actif;2026-05-18;14;778;91;"collectivités ; festivals";oui;oui;non;non
R1277;Atelier Ardoise Quimper;sérigraphe;Quimper;non;moyen;dormant;2025-09-27;247;482;35;"entreprises ; clubs sportifs";oui;oui;non;non
R1278;Studio Zinc Le Mans;sérigraphe;Le Mans;non;petit;dormant;2025-07-30;306;225;6;"clubs sportifs ; collectivités";oui;oui;non;non
R1279;Textiprint Cap Ouest Turin;imprimeur;Turin;oui;moyen;dormant;2025-07-22;314;947;19;"collectivités ; entreprises";oui;non;non;non
R1280;Atelier Garonne Arras;sérigraphe;Arras;non;moyen;actif;2026-05-27;5;711;112;"entreprises ; collectivités";oui;non;non;non
R1281;Impression Garonne;imprimeur;Milan;non;moyen;actif;2026-05-28;4;849;60;"associations ; festivals";oui;oui;non;non
R1282;Séri'Perspective;sérigraphe;Nantes;non;petit;actif;2026-05-12;20;327;38;"collectivités ; festivals";oui;oui;non;non
R1283;Imprimerie Amarante;imprimeur;Perpignan;non;petit;actif;2026-05-30;2;296;50;"associations ; entreprises";non;non;non;non
R1284;Point Lumière;brodeur;Grenoble;oui;moyen;dormant;2026-02-28;93;895;90;"entreprises ; associations";oui;non;non;non
R1285;Séri'Sarment Nantes;sérigraphe;Nantes;non;grand;actif;2026-05-30;2;1884;189;"collectivités ; associations";oui;non;non;non
R1286;Impression Pixel Liège;imprimeur;Liège;non;petit;dormant;2025-07-21;315;173;12;"festivals ; entreprises";oui;oui;non;non
R1287;Imprim'Ricochet Amiens;sérigraphe;Amiens;non;moyen;actif;2026-05-29;3;733;61;"brasseries et bars ; entreprises";oui;oui;oui;non
R1288;Impression Kaolin;imprimeur;Béziers;non;grand;actif;2026-05-28;4;1328;223;"festivals ; clubs sportifs";oui;oui;non;oui
R1289;Atelier Garonne Nantes;brodeur;Nantes;non;petit;actif;2026-05-31;1;281;60;"entreprises ; collectivités";oui;non;non;non
R1290;Atelier Éclat Montpellier;brodeur;Montpellier;oui;grand;actif;2026-05-31;1;1347;150;"associations ; festivals";oui;oui;non;oui
R1291;Atelier Kaolin Poitiers;sérigraphe;Poitiers;non;petit;dormant;2026-03-20;73;358;48;"festivals ; clubs sportifs";oui;oui;non;non
R1292;Imprim'Trait d'Union Caen;sérigraphe;Caen;non;grand;dormant;2026-03-05;88;1112;104;"brasseries et bars ; clubs sportifs";oui;oui;non;oui
R1293;Collectif Nord;agence;Lausanne;oui;grand;actif;2026-05-30;2;1710;150;"entreprises ; festivals";oui;oui;non;oui
R1294;Séri'Tandem Caen;sérigraphe;Caen;non;grand;actif;2026-05-31;1;2279;222;"brasseries et bars ; collectivités";oui;oui;non;oui
R1295;Impression Lumière;imprimeur;Vannes;non;petit;actif;2026-05-21;11;363;46;"festivals ; entreprises";oui;oui;non;non
R1296;Maison Granit Vannes;brodeur;Vannes;non;petit;dormant;2025-09-23;251;315;13;"clubs sportifs ; associations";oui;oui;non;non
R1297;Séri'Jonquille Rennes;sérigraphe;Rennes;non;petit;actif;2026-05-27;5;343;51;"festivals ; entreprises";oui;oui;oui;non
R1298;Imprim'Bleu Marine Avignon;sérigraphe;Avignon;oui;grand;dormant;2025-12-23;160;1276;97;"associations ; collectivités";oui;non;non;non
R1299;Atelier Loire Liège;brodeur;Liège;non;moyen;actif;2026-05-25;7;612;86;"collectivités ; associations";oui;non;non;non
R1300;Maison Cyan;brodeur;Angers;non;grand;dormant;2025-07-11;325;2247;21;"collectivités ; associations";oui;non;non;non
R1301;Séri'Loire Montpellier;sérigraphe;Montpellier;oui;petit;dormant;2025-06-26;340;320;3;"entreprises ; brasseries et bars";non;oui;non;non
R1302;Imprim'Perspective Brest;sérigraphe;Brest;non;moyen;dormant;2026-03-31;62;563;98;"clubs sportifs ; entreprises";oui;oui;non;non
R1303;Les Fils d'Ricochet;brodeur;Liège;non;petit;actif;2026-05-24;8;275;36;"associations ; festivals";oui;oui;non;non
R1304;Imprimerie Solstice La Rochelle;imprimeur;La Rochelle;non;moyen;actif;2026-05-31;1;452;99;"entreprises ; clubs sportifs";oui;oui;non;non
R1305;Maison Grand Angle Pau;brodeur;Pau;non;petit;actif;2026-05-17;15;264;43;"entreprises ; festivals";oui;oui;non;non
R1306;Studio Granit Perpignan;sérigraphe;Perpignan;non;grand;dormant;2026-02-26;95;961;128;"collectivités ; entreprises";oui;non;non;non
R1307;Atelier Rhône Lyon;sérigraphe;Lyon;oui;petit;dormant;2025-07-17;319;234;5;"clubs sportifs ; associations";non;oui;non;non
R1308;Broderie Alizé;brodeur;Béziers;non;petit;actif;2026-05-24;8;345;39;"clubs sportifs ; associations";oui;oui;non;non
R1309;Imprim'Perspective;sérigraphe;Lille;non;petit;actif;2026-05-23;9;173;35;"festivals ; brasseries et bars";oui;oui;non;non
R1310;Agence Vauban Strasbourg;agence;Strasbourg;non;moyen;actif;2026-05-31;1;887;76;"festivals ; clubs sportifs";oui;oui;non;non
R1311;Les Fils d'Éclat;brodeur;Albi;non;moyen;actif;2026-05-26;6;844;76;"brasseries et bars ; entreprises";oui;oui;non;non
R1312;Atelier Basalte Bordeaux;agence;Bordeaux;non;petit;actif;2026-05-25;7;250;36;"clubs sportifs ; collectivités";oui;oui;non;non
R1313;Séri'Pastel Grenoble;sérigraphe;Grenoble;oui;moyen;actif;2026-05-29;3;669;76;"associations ; festivals";oui;oui;non;non
R1314;Print Vauban Bayonne;imprimeur;Bayonne;non;petit;dormant;2025-09-15;259;220;12;"associations ; entreprises";oui;non;non;non
R1315;Maison Origami Limoges;brodeur;Limoges;non;grand;actif;2026-05-30;2;2074;153;"collectivités ; clubs sportifs";oui;oui;non;oui
R1316;Agence Tandem Bruxelles;agence;Bruxelles;non;petit;actif;2026-05-26;6;280;36;"brasseries et bars ; entreprises";non;oui;non;non
R1317;Point Rhône;brodeur;Le Mans;non;petit;actif;2026-05-27;5;323;52;"brasseries et bars ; festivals";oui;oui;non;non
R1318;Atelier Ubac Marseille;agence;Marseille;oui;petit;dormant;2026-02-18;103;264;28;"festivals ; associations";oui;oui;non;non
R1319;Impression Amarante;imprimeur;Genève;oui;petit;dormant;2025-11-13;200;322;24;"collectivités ; clubs sportifs";oui;oui;non;non
R1320;Agence Sud Nancy;agence;Nancy;non;petit;dormant;2025-07-03;333;437;5;"clubs sportifs ; brasseries et bars";non;oui;non;non
R1321;Studio Solstice Bayonne;sérigraphe;Bayonne;non;petit;actif;2026-05-17;15;155;49;"associations ; clubs sportifs";oui;oui;non;non
R1322;Impression Granit Lille;imprimeur;Lille;non;moyen;actif;2026-05-31;1;639;68;"clubs sportifs ; brasseries et bars";oui;oui;non;non
R1323;Studio du Lac Liège;sérigraphe;Liège;non;petit;dormant;2025-09-14;260;154;12;"festivals ; clubs sportifs";oui;oui;non;non
R1324;Séri'Grand Angle Brest;sérigraphe;Brest;non;moyen;actif;2026-05-22;10;885;69;"festivals ; entreprises";oui;oui;non;non
R1325;Studio Lumière Annecy;sérigraphe;Annecy;oui;petit;actif;2026-05-24;8;269;49;"clubs sportifs ; entreprises";oui;oui;non;non
R1326;Imprimerie Kaolin;imprimeur;Amiens;non;petit;dormant;2025-11-23;190;185;26;"collectivités ; brasseries et bars";non;oui;non;non
R1327;Sérigraphie Horizon Bilbao;sérigraphe;Bilbao;non;petit;dormant;2025-08-25;280;300;17;"collectivités ; festivals";oui;oui;non;non
R1328;Imprim'Zénith Pau;sérigraphe;Pau;non;moyen;dormant;2025-08-31;274;667;23;"associations ; festivals";oui;oui;non;non
R1329;Atelier Ocre Le Mans;sérigraphe;Le Mans;non;grand;actif;2026-05-31;1;1654;189;"clubs sportifs ; festivals";oui;oui;non;oui
R1330;Atelier Ricochet Niort;sérigraphe;Niort;non;petit;actif;2026-05-27;5;164;51;"clubs sportifs ; festivals";oui;oui;non;non
R1331;Atelier Alizé Valence;sérigraphe;Valence;oui;petit;actif;2026-05-31;1;331;50;"entreprises ; associations";oui;non;non;non
R1332;Sérigraphie Indigo Turin;sérigraphe;Turin;oui;moyen;actif;2026-05-28;4;902;75;"collectivités ; entreprises";oui;non;non;non
R1333;Imprim'Pixel Bayonne;sérigraphe;Bayonne;non;moyen;actif;2026-05-27;5;832;96;"brasseries et bars ; entreprises";oui;oui;non;non
R1334;Collectif Sarment;agence;Montpellier;oui;moyen;actif;2026-05-27;5;613;100;"associations ; collectivités";oui;non;non;non
R1335;Marquage Jonquille Barcelone;sérigraphe;Barcelone;non;petit;dormant;2025-11-01;212;248;14;"brasseries et bars ; associations";non;oui;non;non
R1336;Séri'Garonne Limoges;sérigraphe;Limoges;non;petit;dormant;2025-11-18;195;326;24;"brasseries et bars ; entreprises";oui;oui;non;non
R1337;Imprimerie Origami;imprimeur;Clermont-Ferrand;non;petit;dormant;2025-07-01;335;242;7;"brasseries et bars ; festivals";oui;oui;non;non
R1338;Point Perspective Nîmes;brodeur;Nîmes;oui;moyen;actif;2026-05-30;2;904;108;"clubs sportifs ; brasseries et bars";oui;oui;non;non
R1339;Imprim'Pastel Milan;sérigraphe;Milan;non;moyen;actif;2026-05-23;9;677;99;"associations ; festivals";oui;oui;non;non
R1340;Agence Boréal Lille;agence;Lille;non;moyen;actif;2026-05-27;5;937;117;"collectivités ; brasseries et bars";oui;oui;non;non
R1341;Textiprint Cardinal;imprimeur;Avignon;oui;petit;actif;2026-05-31;1;310;41;"collectivités ; entreprises";oui;non;non;non
R1342;Studio Kaolin Limoges;agence;Limoges;non;petit;actif;2026-05-31;1;312;47;"associations ; festivals";oui;oui;non;non
R1343;Broderie Loire Bordeaux;brodeur;Bordeaux;non;grand;dormant;2025-10-01;243;1412;48;"clubs sportifs ; brasseries et bars";oui;oui;non;non
R1344;Imprim'Bleu Marine Rouen;sérigraphe;Rouen;non;moyen;dormant;2026-03-20;73;707;61;"clubs sportifs ; festivals";oui;oui;non;non
R1345;Textiprint Ypréau;imprimeur;Saint-Étienne;oui;petit;dormant;2025-11-01;212;314;19;"brasseries et bars ; festivals";oui;oui;non;non
R1346;Point Cap Ouest;brodeur;Lausanne;oui;petit;dormant;2026-02-16;105;235;32;"brasseries et bars ; associations";oui;oui;non;non
R1347;Séri'Boréal Marseille;sérigraphe;Marseille;oui;petit;dormant;2026-03-03;90;267;28;"collectivités ; festivals";oui;oui;non;non
R1348;Atelier Vertigo Tours;agence;Tours;non;petit;dormant;2026-01-08;144;332;29;"collectivités ; entreprises";oui;non;non;non
R1349;Séri'Nacre Milan;sérigraphe;Milan;non;moyen;actif;2026-05-31;1;559;61;"collectivités ; festivals";oui;oui;non;non
R1350;Brod'Origami;brodeur;Genève;oui;petit;actif;2026-05-26;6;385;41;"festivals ; entreprises";oui;oui;non;non
R1351;Marquage Solstice Rennes;sérigraphe;Rennes;non;moyen;actif;2026-05-29;3;522;86;"collectivités ; festivals";oui;oui;non;non
R1352;Marquage Nacre Reims;sérigraphe;Reims;non;grand;actif;2026-05-27;5;1484;233;"festivals ; associations";oui;oui;non;oui
R1353;Marquage Vertigo Dijon;sérigraphe;Dijon;non;grand;dormant;2025-08-19;286;1265;47;"festivals ; entreprises";oui;oui;non;non
R1354;Atelier Cap Ouest Marseille;sérigraphe;Marseille;oui;petit;dormant;2025-09-11;263;219;8;"associations ; collectivités";oui;non;non;non
R1355;Textiprint Jonquille;imprimeur;Béziers;non;petit;actif;2026-05-31;1;153;51;"entreprises ; associations";oui;non;non;non
R1356;Marquage Calanque Milan;sérigraphe;Milan;non;petit;actif;2026-05-17;15;392;56;"clubs sportifs ; brasseries et bars";oui;oui;non;non
R1357;Broderie Amarante Turin;brodeur;Turin;oui;moyen;dormant;2026-02-03;118;635;78;"associations ; festivals";oui;oui;non;non
R1358;Imprimerie Hélice;imprimeur;Rouen;non;petit;dormant;2025-09-28;246;219;17;"clubs sportifs ; collectivités";oui;oui;non;non
R1359;Sérigraphie Jonquille Genève;sérigraphe;Genève;oui;petit;dormant;2025-10-12;232;335;18;"entreprises ; brasseries et bars";oui;oui;non;non
R1360;Marquage du Lac Amiens;sérigraphe;Amiens;non;moyen;dormant;2025-08-10;295;458;12;"entreprises ; brasseries et bars";oui;oui;non;non
R1361;Les Fils d'Deux Rives Bayonne;brodeur;Bayonne;non;petit;actif;2026-05-15;17;283;36;"festivals ; collectivités";oui;oui;non;non
R1362;Studio Quai Vannes;sérigraphe;Vannes;non;petit;dormant;2026-02-26;95;396;24;"festivals ; brasseries et bars";oui;oui;non;non
R1363;Print Rhône Tours;imprimeur;Tours;non;petit;dormant;2025-12-22;161;257;23;"entreprises ; collectivités";oui;non;non;non
R1364;Point Boréal Genève;brodeur;Genève;oui;petit;dormant;2026-01-03;149;323;27;"clubs sportifs ; festivals";oui;oui;non;non
R1365;Agence Hélice Lausanne;agence;Lausanne;oui;petit;actif;2026-05-21;11;397;59;"associations ; festivals";oui;oui;non;non
R1366;Maison Atlantique;brodeur;Milan;non;petit;dormant;2025-12-10;173;214;28;"clubs sportifs ; associations";non;oui;non;non
R1367;Sérigraphie Ubac Montpellier;sérigraphe;Montpellier;oui;moyen;actif;2026-05-28;4;834;80;"associations ; collectivités";oui;non;non;non
R1368;Atelier Bleu Marine La Rochelle;agence;La Rochelle;non;petit;actif;2026-05-11;21;384;44;"entreprises ; collectivités";oui;non;non;non
R1369;Les Fils d'Pixel Rennes;brodeur;Rennes;non;petit;actif;2026-05-29;3;251;41;"clubs sportifs ; festivals";non;oui;non;non
R1370;Broderie Pixel Milan;brodeur;Milan;non;petit;actif;2026-05-21;11;390;45;"festivals ; associations";oui;oui;non;non
R1371;Impression Cardinal;imprimeur;Marseille;oui;moyen;actif;2026-05-31;1;819;93;"collectivités ; clubs sportifs";oui;oui;non;non
R1372;Textiprint Cyan;imprimeur;Milan;non;petit;dormant;2026-03-03;90;171;35;"brasseries et bars ; collectivités";oui;oui;non;non
R1373;Studio Ardoise Clermont-Ferrand;agence;Clermont-Ferrand;non;moyen;actif;2026-05-30;2;545;119;"brasseries et bars ; associations";oui;oui;non;non
R1374;Print Vermeil Valence;imprimeur;Valence;oui;moyen;dormant;2025-07-14;322;592;16;"festivals ; entreprises";oui;oui;non;non
R1375;Collectif Vermeil Saint-Étienne;agence;Saint-Étienne;oui;moyen;actif;2026-05-31;1;558;101;"brasseries et bars ; entreprises";oui;oui;non;non
R1376;Sérigraphie Grand Angle Metz;sérigraphe;Metz;non;petit;actif;2026-05-21;11;374;55;"festivals ; clubs sportifs";oui;oui;non;non
R1377;Point Rhône Troyes;brodeur;Troyes;non;moyen;actif;2026-05-30;2;511;80;"entreprises ; collectivités";oui;non;non;non
R1378;Sérigraphie Vertigo;sérigraphe;Tours;non;petit;dormant;2025-12-31;152;297;20;"festivals ; associations";oui;oui;non;non
R1379;Sérigraphie Calanque Lausanne;sérigraphe;Lausanne;oui;moyen;actif;2026-05-30;2;606;100;"associations ; collectivités";oui;non;non;non
R1380;Collectif Cyan Strasbourg;agence;Strasbourg;non;moyen;dormant;2026-01-17;135;430;76;"clubs sportifs ; associations";oui;oui;non;non
R1381;Studio Hélice Clermont-Ferrand;agence;Clermont-Ferrand;non;petit;actif;2026-05-26;6;176;47;"entreprises ; clubs sportifs";oui;oui;non;non
R1382;Imprimerie Mistral Strasbourg;imprimeur;Strasbourg;non;petit;dormant;2025-11-07;206;268;14;"clubs sportifs ; collectivités";oui;oui;non;non
R1383;Sérigraphie du Lac Nantes;sérigraphe;Nantes;non;petit;actif;2026-05-30;2;387;33;"associations ; festivals";oui;oui;non;non
R1384;Studio Rhône Orléans;sérigraphe;Orléans;non;moyen;dormant;2025-07-10;326;506;8;"entreprises ; brasseries et bars";oui;oui;non;non
R1385;Collectif Ubac Caen;agence;Caen;non;moyen;actif;2026-05-18;14;751;76;"associations ; collectivités";oui;non;non;non
R1386;Textiprint Vermeil;imprimeur;Metz;non;petit;dormant;2025-07-16;320;392;6;"clubs sportifs ; brasseries et bars";oui;oui;non;non
R1387;Marquage Vertigo Caen;sérigraphe;Caen;non;moyen;actif;2026-05-22;10;611;69;"collectivités ; brasseries et bars";oui;oui;non;non
R1388;Agence Loire;agence;Perpignan;non;petit;actif;2026-05-31;1;196;59;"clubs sportifs ; brasseries et bars";oui;oui;non;non
R1389;Sérigraphie Cap Ouest;sérigraphe;Annecy;oui;moyen;actif;2026-05-28;4;513;60;"brasseries et bars ; entreprises";oui;oui;non;non
R1390;Print Cap Ouest;imprimeur;Quimper;non;moyen;dormant;2025-11-11;202;772;28;"entreprises ; associations";oui;non;non;non
R1391;Marquage Ubac Metz;sérigraphe;Metz;non;grand;actif;2026-05-30;2;1378;191;"associations ; entreprises";oui;non;non;non
R1392;Atelier Hélice Genève;sérigraphe;Genève;oui;grand;actif;2026-05-31;1;2179;159;"clubs sportifs ; brasseries et bars";oui;oui;non;oui
R1393;Point Cap Ouest Bordeaux;brodeur;Bordeaux;non;moyen;actif;2026-05-24;8;772;89;"festivals ; associations";oui;oui;non;non
R1394;Marquage Lumière Limoges;sérigraphe;Limoges;non;moyen;dormant;2025-07-24;312;764;11;"brasseries et bars ; collectivités";oui;oui;non;non
R1395;Print des Volcans;imprimeur;Poitiers;non;petit;dormant;2025-12-08;175;395;35;"entreprises ; collectivités";oui;non;non;non
R1396;Point Bleu Marine;brodeur;Limoges;non;moyen;dormant;2026-01-25;127;636;30;"clubs sportifs ; brasseries et bars";oui;oui;non;non
R1397;Séri'Cardinal;sérigraphe;Chambéry;oui;moyen;actif;2026-05-31;1;771;92;"associations ; festivals";oui;oui;non;non
R1398;Studio des Volcans Reims;sérigraphe;Reims;non;moyen;dormant;2025-10-10;234;794;26;"collectivités ; festivals";oui;oui;non;non
R1399;Atelier Loire Genève;agence;Genève;oui;petit;actif;2026-05-27;5;289;35;"collectivités ; festivals";oui;oui;non;non
R1400;Marquage Ypréau Rennes;sérigraphe;Rennes;non;petit;actif;2026-05-21;11;258;33;"clubs sportifs ; entreprises";oui;oui;non;non
R1401;Sérigraphie Amarante Orléans;sérigraphe;Orléans;non;moyen;dormant;2026-02-09;112;706;86;"entreprises ; collectivités";oui;non;non;non
R1402;Atelier Lumière Perpignan;sérigraphe;Perpignan;non;grand;dormant;2025-07-14;322;2080;27;"entreprises ; collectivités";oui;non;non;non
R1403;Point Éclat Barcelone;brodeur;Barcelone;non;moyen;dormant;2025-10-02;242;696;34;"associations ; brasseries et bars";oui;oui;non;non
R1404;Studio Ocre Amiens;agence;Amiens;non;petit;actif;2026-05-25;7;194;60;"collectivités ; brasseries et bars";oui;oui;non;non
R1405;Studio Basalte Turin;sérigraphe;Turin;oui;grand;dormant;2025-10-15;229;1619;56;"collectivités ; brasseries et bars";oui;oui;non;oui
R1406;Agence Ocre;agence;Bilbao;non;petit;actif;2026-05-28;4;247;33;"clubs sportifs ; entreprises";oui;oui;non;non
R1407;Imprim'Boréal Milan;sérigraphe;Milan;non;petit;actif;2026-05-06;26;333;33;"clubs sportifs ; brasseries et bars";non;oui;non;non
R1408;Sérigraphie Nord Brest;sérigraphe;Brest;non;moyen;actif;2026-05-28;4;428;92;"collectivités ; clubs sportifs";oui;oui;non;non
R1409;Collectif Pastel;agence;Turin;oui;petit;dormant;2026-01-05;147;405;17;"brasseries et bars ; collectivités";non;oui;non;non
R1410;Sérigraphie Cap Ouest Namur;sérigraphe;Namur;non;petit;actif;2026-05-26;6;276;55;"clubs sportifs ; entreprises";oui;oui;non;non
R1411;Point Sarment;brodeur;Vannes;non;petit;dormant;2026-02-21;100;277;36;"brasseries et bars ; collectivités";oui;oui;non;non
R1412;Atelier Kaolin Montpellier;sérigraphe;Montpellier;oui;petit;dormant;2025-09-04;270;307;15;"entreprises ; brasseries et bars";oui;oui;non;non
R1413;Séri'Vermeil Nancy;sérigraphe;Nancy;non;petit;actif;2026-05-30;2;265;60;"brasseries et bars ; collectivités";oui;oui;non;non
R1414;Broderie Hélice Quimper;brodeur;Quimper;non;moyen;actif;2026-05-31;1;957;112;"festivals ; collectivités";oui;oui;oui;non
R1415;Atelier Kaolin Besançon;sérigraphe;Besançon;non;moyen;dormant;2025-09-06;268;875;16;"entreprises ; brasseries et bars";oui;oui;non;non
R1416;Sérigraphie Vauban;sérigraphe;Toulouse;non;grand;actif;2026-05-29;3;1785;165;"entreprises ; festivals";oui;oui;non;oui
R1417;Marquage Zinc Amiens;sérigraphe;Amiens;non;moyen;dormant;2025-10-27;217;486;51;"entreprises ; festivals";oui;oui;non;non
R1418;Brod'Cyan;brodeur;Genève;oui;petit;actif;2026-05-27;5;181;32;"festivals ; associations";oui;oui;non;non
R1419;Agence Tandem;agence;Nantes;non;petit;dormant;2026-01-17;135;199;36;"associations ; brasseries et bars";oui;oui;non;non
R1420;Print Tandem;imprimeur;Caen;non;moyen;dormant;2025-12-19;164;701;35;"clubs sportifs ; brasseries et bars";oui;oui;non;non
R1421;Séri'des Volcans Troyes;sérigraphe;Troyes;non;moyen;dormant;2026-01-01;151;704;46;"collectivités ; brasseries et bars";oui;oui;non;non
R1422;Studio Vermeil Rouen;agence;Rouen;non;moyen;dormant;2025-10-17;227;892;37;"associations ; collectivités";oui;non;non;non
R1423;Point Hélice;brodeur;Amiens;non;moyen;actif;2026-05-27;5;562;108;"associations ; entreprises";oui;non;non;non
R1424;Atelier Zinc Dijon;sérigraphe;Dijon;non;petit;actif;2026-05-31;1;385;30;"festivals ; brasseries et bars";non;oui;non;non
R1425;Atelier Zénith Bilbao;sérigraphe;Bilbao;non;moyen;actif;2026-05-31;1;981;96;"entreprises ; festivals";oui;oui;non;oui
R1426;Agence Nacre Nancy;agence;Nancy;non;petit;dormant;2026-03-09;84;299;50;"associations ; brasseries et bars";oui;oui;non;non
R1427;Collectif Cyan Lille;agence;Lille;non;petit;actif;2026-05-25;7;322;34;"associations ; brasseries et bars";oui;oui;non;non
R1428;Collectif Boréal Namur;agence;Namur;non;grand;dormant;2025-12-20;163;1905;133;"associations ; brasseries et bars";oui;oui;non;oui
R1429;Studio Pixel Rennes;sérigraphe;Rennes;non;petit;actif;2026-05-31;1;294;48;"festivals ; collectivités";oui;oui;non;non
R1430;Séri'Granit Genève;sérigraphe;Genève;oui;petit;dormant;2025-08-20;285;397;5;"festivals ; collectivités";non;oui;non;non
R1431;Impression Mistral;imprimeur;Marseille;oui;moyen;dormant;2025-11-02;211;867;34;"festivals ; brasseries et bars";oui;oui;non;non
R1432;Marquage Loire Montpellier;sérigraphe;Montpellier;oui;moyen;actif;2026-05-31;1;726;112;"collectivités ; festivals";oui;oui;non;non
R1433;Broderie Tramontane;brodeur;Nantes;non;petit;dormant;2026-01-25;127;380;31;"festivals ; entreprises";oui;oui;non;non
R1434;Les Fils d'Bleu Marine;brodeur;Lausanne;oui;grand;actif;2026-05-30;2;1955;146;"clubs sportifs ; collectivités";oui;oui;non;oui
R1435;Agence Indigo Nantes;agence;Nantes;non;grand;dormant;2025-08-21;284;1848;26;"entreprises ; brasseries et bars";oui;oui;non;non
R1436;Imprim'Sarment Genève;sérigraphe;Genève;oui;petit;dormant;2025-12-18;165;349;24;"entreprises ; festivals";oui;oui;non;non
R1437;Atelier Deux Rives Béziers;agence;Béziers;non;moyen;dormant;2025-08-31;274;705;29;"festivals ; clubs sportifs";oui;oui;non;non
R1438;Marquage Garonne;sérigraphe;Niort;non;petit;actif;2026-05-31;1;337;40;"entreprises ; collectivités";oui;non;non;non
R1439;Studio Nacre Marseille;sérigraphe;Marseille;oui;petit;dormant;2026-02-09;112;249;26;"associations ; entreprises";non;non;non;non
R1440;Atelier Ypréau Rouen;sérigraphe;Rouen;non;moyen;dormant;2025-10-20;224;436;42;"entreprises ; associations";oui;non;non;non
R1441;Sérigraphie Amarante Limoges;sérigraphe;Limoges;non;moyen;actif;2026-05-30;2;760;116;"festivals ; associations";oui;oui;non;non
R1442;Atelier Lumière Marseille;agence;Marseille;oui;moyen;dormant;2025-12-24;159;751;65;"collectivités ; entreprises";oui;non;non;non
R1443;Brod'Faubourg Strasbourg;brodeur;Strasbourg;non;moyen;actif;2026-05-28;4;621;105;"entreprises ; clubs sportifs";oui;oui;non;non
R1444;Studio Cardinal Vannes;sérigraphe;Vannes;non;moyen;dormant;2025-09-27;247;541;40;"clubs sportifs ; festivals";oui;oui;non;non
R1445;Sérigraphie Ypréau Rennes;sérigraphe;Rennes;non;petit;actif;2026-05-18;14;358;48;"collectivités ; brasseries et bars";oui;oui;non;non
R1446;Point Ardoise Béziers;brodeur;Béziers;non;petit;actif;2026-05-17;15;384;58;"entreprises ; collectivités";oui;non;non;non
R1447;Séri'Rhône Béziers;sérigraphe;Béziers;non;petit;dormant;2025-06-18;348;394;3;"festivals ; collectivités";non;oui;non;non
R1448;Séri'Sarment;sérigraphe;Strasbourg;non;petit;dormant;2026-01-15;137;217;26;"collectivités ; clubs sportifs";oui;oui;non;non
R1449;Sérigraphie Perspective Metz;sérigraphe;Metz;non;petit;actif;2026-05-18;14;275;44;"clubs sportifs ; entreprises";oui;oui;non;non
R1450;Les Fils d'Quai Tours;brodeur;Tours;non;petit;dormant;2025-11-01;212;235;26;"brasseries et bars ; clubs sportifs";oui;oui;non;non
R1451;Studio Trait d'Union Rennes;agence;Rennes;non;petit;actif;2026-05-14;18;380;41;"entreprises ; clubs sportifs";oui;oui;non;non
R1452;Imprim'Faubourg Nancy;sérigraphe;Nancy;non;moyen;actif;2026-05-29;3;454;118;"brasseries et bars ; collectivités";oui;oui;non;non
R1453;Atelier Pastel Limoges;sérigraphe;Limoges;non;petit;dormant;2025-11-04;209;303;20;"entreprises ; brasseries et bars";oui;oui;non;non
R1454;Studio Loire Saint-Étienne;sérigraphe;Saint-Étienne;oui;petit;dormant;2025-11-03;210;403;21;"associations ; festivals";oui;oui;non;non
R1455;Studio Ypréau Toulouse;agence;Toulouse;non;petit;dormant;2025-12-29;154;267;38;"associations ; collectivités";oui;non;non;non
R1456;Atelier Granit Clermont-Ferrand;sérigraphe;Clermont-Ferrand;non;petit;dormant;2025-12-09;174;340;27;"entreprises ; collectivités";oui;non;non;non
R1457;Marquage Deux Rives Barcelone;sérigraphe;Barcelone;non;moyen;dormant;2026-01-31;121;501;43;"clubs sportifs ; entreprises";oui;oui;non;non
R1458;Imprim'Cyan Bilbao;sérigraphe;Bilbao;non;grand;dormant;2025-09-28;246;1018;43;"festivals ; collectivités";oui;oui;non;non
R1459;Marquage Cardinal Marseille;sérigraphe;Marseille;oui;petit;dormant;2026-01-18;134;306;42;"entreprises ; associations";oui;non;non;non
R1460;Point Sarment Perpignan;brodeur;Perpignan;non;moyen;dormant;2026-03-18;75;518;48;"entreprises ; clubs sportifs";oui;oui;non;non
R1461;Impression Estuaire;imprimeur;Arras;non;petit;dormant;2025-08-09;296;371;8;"associations ; festivals";oui;oui;non;non
R1462;Collectif Loire Genève;agence;Genève;oui;petit;dormant;2025-09-26;248;223;13;"clubs sportifs ; collectivités";oui;oui;non;non
R1463;Marquage Mistral Namur;sérigraphe;Namur;non;moyen;dormant;2025-09-24;250;790;28;"clubs sportifs ; associations";oui;oui;non;non
R1464;Collectif Tandem Grenoble;agence;Grenoble;oui;petit;dormant;2026-01-03;149;158;24;"brasseries et bars ; festivals";oui;oui;non;non
R1465;Atelier Pixel Grenoble;sérigraphe;Grenoble;oui;moyen;actif;2026-05-16;16;704;72;"collectivités ; festivals";oui;oui;non;non
R1466;Agence Jonquille Metz;agence;Metz;non;petit;actif;2026-05-24;8;377;55;"entreprises ; clubs sportifs";oui;oui;non;non
R1467;Studio Éclat Arras;sérigraphe;Arras;non;petit;actif;2026-05-29;3;376;47;"entreprises ; collectivités";oui;non;non;non
R1468;Marquage Amarante Chambéry;sérigraphe;Chambéry;oui;petit;actif;2026-05-23;9;369;45;"brasseries et bars ; clubs sportifs";oui;oui;non;non
R1469;Imprim'Perspective Bruxelles;sérigraphe;Bruxelles;non;petit;actif;2026-05-31;1;351;59;"brasseries et bars ; associations";oui;oui;non;non
R1470;Agence Vermeil;agence;Rennes;non;moyen;dormant;2026-03-27;66;764;49;"collectivités ; festivals";oui;oui;non;non
R1471;Collectif Ocre;agence;Nîmes;oui;moyen;dormant;2026-03-01;92;569;78;"brasseries et bars ; entreprises";oui;oui;non;non
R1472;Marquage des Volcans Liège;sérigraphe;Liège;non;moyen;actif;2026-05-30;2;639;64;"collectivités ; clubs sportifs";oui;oui;non;non
R1473;Atelier Lumière Metz;brodeur;Metz;non;petit;dormant;2025-10-21;223;244;24;"entreprises ; associations";oui;non;non;non
R1474;Textiprint Grand Angle;imprimeur;Annecy;oui;petit;actif;2026-05-29;3;247;60;"collectivités ; festivals";oui;oui;non;non
R1475;Sérigraphie Pixel Le Mans;sérigraphe;Le Mans;non;moyen;dormant;2026-03-26;67;712;83;"entreprises ; associations";oui;non;oui;non
R1476;Atelier Ricochet Béziers;brodeur;Béziers;non;moyen;actif;2026-05-30;2;652;74;"entreprises ; associations";oui;non;non;non
R1477;Sérigraphie Ypréau Annecy;sérigraphe;Annecy;oui;moyen;actif;2026-05-25;7;581;116;"clubs sportifs ; festivals";oui;oui;non;non
R1478;Agence Atlantique Chambéry;agence;Chambéry;oui;petit;actif;2026-05-29;3;400;40;"associations ; entreprises";oui;non;non;non
R1479;Sérigraphie Basalte Grenoble;sérigraphe;Grenoble;oui;petit;dormant;2025-11-12;201;308;28;"associations ; entreprises";oui;non;non;non
R1480;Les Fils d'Horizon Mulhouse;brodeur;Mulhouse;non;petit;dormant;2025-07-10;326;183;3;"associations ; collectivités";non;non;non;non
R1481;Marquage Kaolin Niort;sérigraphe;Niort;non;petit;actif;2026-05-25;7;306;37;"collectivités ; festivals";oui;oui;non;non
R1482;Atelier des Volcans Montpellier;sérigraphe;Montpellier;oui;petit;actif;2026-05-09;23;341;42;"brasseries et bars ; clubs sportifs";oui;oui;non;non
R1483;Imprim'Quai Arras;sérigraphe;Arras;non;petit;actif;2026-05-25;7;196;55;"festivals ; collectivités";oui;oui;non;non
R1484;Atelier Basalte Vannes;sérigraphe;Vannes;non;petit;dormant;2025-11-28;185;347;28;"associations ; brasseries et bars";oui;oui;non;non
R1485;Atelier Quai Rennes;sérigraphe;Rennes;non;moyen;dormant;2025-09-07;267;491;22;"entreprises ; associations";oui;non;non;non
R1486;Studio Ypréau Troyes;sérigraphe;Troyes;non;petit;dormant;2025-12-03;180;172;32;"collectivités ; festivals";oui;oui;non;non
R1487;Séri'Ocre;sérigraphe;Bordeaux;non;moyen;actif;2026-05-29;3;878;64;"festivals ; associations";oui;oui;non;non
R1488;Les Fils d'Vertigo;brodeur;Arras;non;petit;actif;2026-05-25;7;357;52;"festivals ; collectivités";oui;oui;oui;non
R1489;Imprim'Rhône Dijon;sérigraphe;Dijon;non;grand;dormant;2026-02-20;101;1307;107;"clubs sportifs ; collectivités";oui;oui;non;oui
R1490;Imprimerie Cap Ouest Arras;imprimeur;Arras;non;moyen;actif;2026-05-29;3;841;73;"entreprises ; brasseries et bars";oui;oui;non;non
R1491;Collectif Deux Rives Clermont-Ferrand;agence;Clermont-Ferrand;non;petit;actif;2026-05-25;7;388;43;"associations ; brasseries et bars";oui;oui;non;non
R1492;Broderie Cardinal;brodeur;Béziers;non;petit;dormant;2025-10-31;213;247;14;"festivals ; entreprises";oui;oui;non;non
R1493;Point du Lac;brodeur;Montpellier;oui;moyen;dormant;2026-02-22;99;662;40;"associations ; collectivités";oui;non;non;non
R1494;Les Fils d'Vauban;brodeur;Bayonne;non;grand;dormant;2025-11-12;201;1273;71;"associations ; entreprises";oui;non;non;non
R1495;Collectif Vertigo;agence;Bordeaux;non;petit;actif;2026-05-19;13;373;44;"brasseries et bars ; entreprises";non;oui;non;non
R1496;Marquage Éclat Arras;sérigraphe;Arras;non;petit;dormant;2025-11-01;212;238;23;"associations ; entreprises";oui;non;non;non
R1497;Agence Horizon Namur;agence;Namur;non;grand;actif;2026-05-30;2;1446;242;"associations ; entreprises";oui;non;non;non
R1498;Imprim'des Volcans Avignon;sérigraphe;Avignon;oui;moyen;dormant;2025-12-17;166;929;64;"festivals ; entreprises";oui;oui;non;non
R1499;Marquage Nord Turin;sérigraphe;Turin;oui;petit;actif;2026-05-26;6;201;41;"entreprises ; festivals";oui;oui;non;non
R1500;Les Fils d'des Volcans;brodeur;Grenoble;oui;moyen;dormant;2026-02-13;108;833;83;"brasseries et bars ; associations";oui;oui;non;non
R1501;Séri'Perspective Tours;sérigraphe;Tours;non;petit;dormant;2026-02-06;115;167;41;"brasseries et bars ; associations";oui;oui;non;non
R1502;Brod'Bleu Marine;brodeur;La Rochelle;non;moyen;dormant;2025-10-31;213;663;38;"entreprises ; brasseries et bars";oui;oui;non;non
R1503;Marquage Perspective Niort;sérigraphe;Niort;non;petit;dormant;2025-12-23;160;216;33;"brasseries et bars ; entreprises";oui;oui;non;non
R1504;Agence Bleu Marine;agence;Orléans;non;moyen;actif;2026-05-21;11;778;89;"clubs sportifs ; brasseries et bars";oui;oui;non;non
R1505;Atelier Jonquille Le Mans;brodeur;Le Mans;non;petit;actif;2026-05-30;2;174;47;"clubs sportifs ; collectivités";oui;oui;non;non
R1506;Séri'Pixel Liège;sérigraphe;Liège;non;petit;dormant;2025-06-13;353;335;3;"collectivités ; associations";non;non;non;non
R1507;Sérigraphie Perspective Liège;sérigraphe;Liège;non;moyen;actif;2026-05-28;4;555;71;"clubs sportifs ; festivals";oui;oui;non;non
R1508;Sérigraphie Hélice Orléans;sérigraphe;Orléans;non;grand;dormant;2026-03-02;91;1502;95;"clubs sportifs ; brasseries et bars";oui;oui;non;oui
R1509;Point Rhône Milan;brodeur;Milan;non;petit;actif;2026-05-26;6;299;53;"brasseries et bars ; associations";oui;oui;non;non
R1510;Agence Lumière Rouen;agence;Rouen;non;grand;dormant;2025-12-13;170;2234;92;"associations ; entreprises";oui;non;non;non
R1511;Imprim'Nacre Genève;sérigraphe;Genève;oui;petit;dormant;2025-11-27;186;176;25;"clubs sportifs ; associations";oui;oui;non;non
R1512;Séri'des Volcans Avignon;sérigraphe;Avignon;oui;petit;dormant;2025-07-27;309;279;6;"associations ; clubs sportifs";non;oui;non;non
R1513;Atelier Quai Quimper;agence;Quimper;non;petit;actif;2026-05-22;10;256;57;"brasseries et bars ; clubs sportifs";oui;oui;non;non
R1514;Imprim'Indigo Liège;sérigraphe;Liège;non;moyen;actif;2026-05-31;1;907;74;"entreprises ; associations";oui;non;non;non
R1515;Atelier Cardinal Clermont-Ferrand;sérigraphe;Clermont-Ferrand;non;grand;actif;2026-05-30;2;2063;236;"brasseries et bars ; collectivités";oui;oui;non;oui
R1516;Imprim'Rhône La Rochelle;sérigraphe;La Rochelle;non;petit;actif;2026-05-28;4;160;44;"festivals ; entreprises";non;oui;non;non
R1517;Imprim'Atlantique Arras;sérigraphe;Arras;non;petit;dormant;2026-03-30;63;354;36;"associations ; brasseries et bars";oui;oui;non;non
R1518;Les Fils d'Grand Angle;brodeur;Dijon;non;petit;dormant;2025-08-10;295;205;9;"entreprises ; brasseries et bars";oui;oui;non;non
R1519;Séri'Tramontane Annecy;sérigraphe;Annecy;oui;moyen;dormant;2025-12-11;172;462;64;"festivals ; clubs sportifs";oui;oui;non;non
R1520;Maison Nord Nantes;brodeur;Nantes;non;petit;actif;2026-05-29;3;390;46;"collectivités ; entreprises";oui;non;non;non
R1521;Imprimerie Vertigo;imprimeur;Namur;non;grand;actif;2026-05-31;1;1384;198;"collectivités ; brasseries et bars";oui;oui;non;oui
R1522;Atelier Indigo Rennes;sérigraphe;Rennes;non;moyen;actif;2026-05-30;2;536;93;"collectivités ; brasseries et bars";oui;oui;non;non
R1523;Atelier Ardoise Angers;sérigraphe;Angers;non;moyen;dormant;2026-03-25;68;695;57;"festivals ; collectivités";oui;oui;non;non
R1524;Imprim'Cyan Pau;sérigraphe;Pau;non;petit;actif;2026-05-29;3;300;60;"entreprises ; clubs sportifs";oui;oui;non;non
R1525;Collectif Ocre Albi;agence;Albi;non;petit;actif;2026-05-24;8;259;53;"collectivités ; brasseries et bars";oui;oui;non;non
R1526;Point Calanque;brodeur;Annecy;oui;petit;actif;2026-05-25;7;177;54;"brasseries et bars ; festivals";oui;oui;non;non
R1527;Marquage Ardoise Poitiers;sérigraphe;Poitiers;non;petit;actif;2026-05-28;4;410;42;"associations ; entreprises";oui;non;non;non
R1528;Imprim'Atlantique Limoges;sérigraphe;Limoges;non;moyen;dormant;2025-12-22;161;666;61;"clubs sportifs ; collectivités";oui;oui;non;non
R1529;Imprim'Ocre Namur;sérigraphe;Namur;non;moyen;actif;2026-05-28;4;577;90;"clubs sportifs ; collectivités";oui;oui;non;non
R1530;Collectif Cap Ouest Albi;agence;Albi;non;moyen;actif;2026-05-29;3;931;120;"brasseries et bars ; associations";oui;oui;non;non
R1531;Séri'Nord Milan;sérigraphe;Milan;non;moyen;dormant;2025-08-11;294;828;24;"brasseries et bars ; clubs sportifs";oui;oui;non;non
R1532;Agence Bleu Marine Lausanne;agence;Lausanne;oui;grand;dormant;2025-09-14;260;1945;49;"festivals ; entreprises";oui;oui;non;non
R1533;Imprimerie Perspective Reims;imprimeur;Reims;non;grand;actif;2026-05-28;4;1309;171;"entreprises ; clubs sportifs";oui;oui;non;oui
R1534;Atelier Pastel Quimper;brodeur;Quimper;non;petit;dormant;2025-11-14;199;154;26;"festivals ; collectivités";oui;oui;non;non
R1535;Marquage Pastel Dijon;sérigraphe;Dijon;non;moyen;dormant;2025-12-08;175;729;62;"brasseries et bars ; festivals";oui;oui;non;non
R1536;Agence Loire Le Mans;agence;Le Mans;non;moyen;actif;2026-05-28;4;647;107;"clubs sportifs ; festivals";oui;oui;non;non
R1537;Collectif Origami Nancy;agence;Nancy;non;moyen;actif;2026-05-28;4;445;82;"entreprises ; festivals";oui;oui;non;non
R1538;Studio Ocre Le Mans;agence;Le Mans;non;petit;actif;2026-05-31;1;269;45;"festivals ; associations";oui;oui;non;non
R1539;Broderie Faubourg;brodeur;Namur;non;grand;dormant;2025-07-07;329;1836;18;"associations ; festivals";oui;oui;non;non
R1540;Collectif Granit Saint-Étienne;agence;Saint-Étienne;oui;moyen;actif;2026-05-25;7;765;84;"brasseries et bars ; entreprises";oui;oui;non;non
R1541;Agence des Volcans Strasbourg;agence;Strasbourg;non;petit;dormant;2025-09-28;246;205;15;"festivals ; entreprises";oui;oui;non;non
R1542;Textiprint Mistral Valence;imprimeur;Valence;oui;petit;dormant;2025-08-13;292;212;12;"brasseries et bars ; entreprises";oui;oui;non;non
R1543;Imprim'des Volcans Marseille;sérigraphe;Marseille;oui;grand;dormant;2026-02-16;105;1313;144;"clubs sportifs ; festivals";oui;oui;non;oui
R1544;Studio Faubourg Béziers;sérigraphe;Béziers;non;moyen;dormant;2025-08-19;286;449;23;"associations ; festivals";oui;oui;non;non
R1545;Séri'Bleu Marine Metz;sérigraphe;Metz;non;petit;actif;2026-05-28;4;401;38;"clubs sportifs ; brasseries et bars";oui;oui;non;non
R1546;Marquage Vauban Lyon;sérigraphe;Lyon;oui;petit;dormant;2025-12-13;170;253;24;"clubs sportifs ; collectivités";oui;oui;non;non
R1547;Textiprint Vertigo;imprimeur;Bruxelles;non;petit;dormant;2026-03-13;80;370;35;"brasseries et bars ; clubs sportifs";oui;oui;non;non
R1548;Print Kaolin Annecy;imprimeur;Annecy;oui;moyen;actif;2026-05-30;2;832;103;"associations ; clubs sportifs";oui;oui;non;non
R1549;Sérigraphie Granit Lyon;sérigraphe;Lyon;oui;moyen;actif;2026-05-30;2;767;90;"festivals ; clubs sportifs";oui;oui;non;non
R1550;Atelier Zinc Tours;sérigraphe;Tours;non;petit;dormant;2025-10-31;213;197;15;"entreprises ; clubs sportifs";oui;oui;non;non
R1551;Brod'Zinc Rouen;brodeur;Rouen;non;petit;dormant;2025-09-18;256;304;18;"clubs sportifs ; entreprises";oui;oui;non;non
R1552;Les Fils d'Kaolin Bayonne;brodeur;Bayonne;non;petit;dormant;2025-10-13;231;177;17;"clubs sportifs ; entreprises";oui;oui;non;non
R1553;Brod'Loire Nancy;brodeur;Nancy;non;petit;actif;2026-05-26;6;394;43;"associations ; festivals";oui;oui;non;non
R1554;Studio Zinc Nantes;sérigraphe;Nantes;non;petit;actif;2026-05-31;1;182;31;"associations ; festivals";non;oui;non;non
R1555;Textiprint Mistral Milan;imprimeur;Milan;non;petit;actif;2026-05-31;1;296;56;"festivals ; associations";non;oui;non;non
R1556;Collectif Ocre Saint-Étienne;agence;Saint-Étienne;oui;grand;actif;2026-05-27;5;2318;183;"festivals ; collectivités";oui;oui;non;oui
R1557;Atelier Vermeil Bilbao;sérigraphe;Bilbao;non;petit;dormant;2026-01-09;143;359;27;"associations ; festivals";oui;oui;non;non
R1558;Studio Alizé Angers;sérigraphe;Angers;non;petit;actif;2026-05-31;1;406;54;"brasseries et bars ; associations";oui;oui;non;non
R1559;Brod'Basalte Lille;brodeur;Lille;non;moyen;dormant;2025-07-05;331;462;6;"festivals ; collectivités";non;oui;non;non
R1560;Atelier Ypréau Reims;sérigraphe;Reims;non;petit;dormant;2025-12-07;176;310;23;"associations ; entreprises";oui;non;non;non
R1561;Print Zénith Dijon;imprimeur;Dijon;non;moyen;actif;2026-05-30;2;536;103;"clubs sportifs ; associations";oui;oui;non;non
R1562;Point Boréal Turin;brodeur;Turin;oui;moyen;actif;2026-05-27;5;651;96;"associations ; clubs sportifs";oui;oui;non;non
R1563;Atelier Ardoise Perpignan;sérigraphe;Perpignan;non;petit;dormant;2025-12-18;165;165;31;"entreprises ; collectivités";oui;non;non;non
R1564;Atelier Ocre Orléans;agence;Orléans;non;petit;dormant;2025-07-25;311;205;6;"festivals ; entreprises";oui;oui;non;non
R1565;Imprim'Alizé Milan;sérigraphe;Milan;non;moyen;actif;2026-05-27;5;446;112;"collectivités ; clubs sportifs";oui;oui;non;non
R1566;Séri'Deux Rives Rouen;sérigraphe;Rouen;non;petit;dormant;2025-09-20;254;415;16;"brasseries et bars ; festivals";oui;oui;non;non
R1567;Marquage Pastel Brest;sérigraphe;Brest;non;petit;dormant;2025-12-30;153;163;22;"associations ; brasseries et bars";oui;oui;non;non
R1568;Imprim'Calanque Toulouse;sérigraphe;Toulouse;non;moyen;actif;2026-05-31;1;749;85;"entreprises ; festivals";oui;oui;non;non
R1569;Brod'Vermeil Milan;brodeur;Milan;non;petit;actif;2026-05-31;1;241;44;"festivals ; clubs sportifs";oui;oui;non;non
R1570;Broderie Perspective;brodeur;Nancy;non;moyen;actif;2026-05-28;4;475;77;"brasseries et bars ; collectivités";oui;oui;non;non
R1571;Studio Vertigo Liège;sérigraphe;Liège;non;petit;actif;2026-05-12;20;261;42;"clubs sportifs ; brasseries et bars";oui;oui;non;non
R1572;Studio Pastel Bruxelles;sérigraphe;Bruxelles;non;moyen;actif;2026-05-25;7;503;95;"associations ; entreprises";oui;non;non;non
R1573;Studio Éclat Limoges;agence;Limoges;non;moyen;dormant;2025-10-17;227;552;33;"clubs sportifs ; entreprises";oui;oui;non;non
R1574;Marquage Jonquille Toulouse;sérigraphe;Toulouse;non;moyen;dormant;2025-07-06;330;867;10;"clubs sportifs ; collectivités";non;oui;non;non
R1575;Séri'Pixel Nîmes;sérigraphe;Nîmes;oui;moyen;actif;2026-05-25;7;520;98;"brasseries et bars ; associations";oui;oui;non;non
R1576;Imprim'Vertigo Rouen;sérigraphe;Rouen;non;petit;dormant;2025-08-01;304;376;10;"associations ; collectivités";oui;non;non;non
R1577;Maison Amarante Namur;brodeur;Namur;non;moyen;actif;2026-05-27;5;560;94;"collectivités ; clubs sportifs";oui;oui;non;non
R1578;Séri'Zénith Clermont-Ferrand;sérigraphe;Clermont-Ferrand;non;petit;dormant;2025-10-08;236;195;21;"brasseries et bars ; clubs sportifs";oui;oui;oui;non
R1579;Sérigraphie Trait d'Union Valence;sérigraphe;Valence;oui;petit;actif;2026-05-24;8;195;33;"collectivités ; clubs sportifs";oui;oui;non;non
R1580;Textiprint Calanque;imprimeur;La Rochelle;non;moyen;actif;2026-05-20;12;729;65;"associations ; clubs sportifs";oui;oui;non;non
R1581;Collectif Cyan Lyon;agence;Lyon;oui;petit;actif;2026-05-16;16;388;42;"collectivités ; clubs sportifs";oui;oui;non;non
R1582;Les Fils d'Tramontane Bayonne;brodeur;Bayonne;non;petit;actif;2026-05-25;7;256;43;"entreprises ; collectivités";oui;non;non;non
R1583;Atelier Nord Nancy;sérigraphe;Nancy;non;petit;dormant;2025-07-16;320;350;7;"associations ; clubs sportifs";oui;oui;non;non
R1584;Agence Éclat Albi;agence;Albi;non;petit;dormant;2025-10-02;242;375;14;"entreprises ; brasseries et bars";oui;oui;non;non
R1585;Broderie Bleu Marine Strasbourg;brodeur;Strasbourg;non;grand;dormant;2026-02-12;109;2131;146;"clubs sportifs ; brasseries et bars";oui;oui;non;oui
R1586;Séri'des Volcans Namur;sérigraphe;Namur;non;grand;dormant;2025-10-02;242;1952;63;"collectivités ; entreprises";oui;non;non;non
R1587;Atelier Ypréau Mulhouse;sérigraphe;Mulhouse;non;moyen;dormant;2026-02-03;118;627;59;"associations ; clubs sportifs";oui;oui;non;non
R1588;Séri'Cyan Le Mans;sérigraphe;Le Mans;non;petit;dormant;2025-12-17;166;206;22;"clubs sportifs ; associations";oui;oui;non;non
R1589;Point Ypréau Bayonne;brodeur;Bayonne;non;petit;actif;2026-05-12;20;253;30;"entreprises ; associations";non;non;non;non
R1590;Print Vauban Luxembourg;imprimeur;Luxembourg;non;grand;actif;2026-05-30;2;1885;216;"clubs sportifs ; associations";oui;oui;non;oui
R1591;Studio Quai Liège;agence;Liège;non;moyen;dormant;2026-02-21;100;743;60;"brasseries et bars ; festivals";oui;oui;non;non
R1592;Sérigraphie Pixel Dijon;sérigraphe;Dijon;non;moyen;dormant;2025-10-26;218;547;42;"entreprises ; brasseries et bars";oui;oui;non;non
R1593;Textiprint Bleu Marine Quimper;imprimeur;Quimper;non;petit;actif;2026-05-30;2;346;59;"clubs sportifs ; festivals";oui;oui;non;non
R1594;Agence Calanque;agence;Marseille;oui;grand;dormant;2025-11-28;185;995;64;"associations ; clubs sportifs";oui;oui;non;oui
R1595;Séri'Quai Avignon;sérigraphe;Avignon;oui;grand;actif;2026-05-31;1;1607;221;"brasseries et bars ; collectivités";oui;oui;non;oui
R1596;Atelier Grand Angle Nîmes;brodeur;Nîmes;oui;petit;dormant;2025-09-26;248;372;14;"clubs sportifs ; associations";oui;oui;non;non
R1597;Marquage Estuaire Arras;sérigraphe;Arras;non;moyen;actif;2026-05-28;4;565;65;"festivals ; clubs sportifs";oui;oui;non;non
R1598;Studio Horizon Arras;agence;Arras;non;grand;dormant;2026-02-20;101;1489;112;"clubs sportifs ; collectivités";oui;oui;non;oui
R1599;Atelier Granit Turin;sérigraphe;Turin;oui;moyen;dormant;2025-07-06;330;939;10;"festivals ; associations";oui;oui;non;non
R1600;Atelier Cyan Dijon;sérigraphe;Dijon;non;petit;actif;2026-05-23;9;369;55;"associations ; brasseries et bars";non;oui;non;non
R1601;Atelier du Lac Arras;sérigraphe;Arras;non;grand;actif;2026-05-31;1;1354;225;"clubs sportifs ; festivals";oui;oui;non;oui
R1602;Studio Grand Angle Luxembourg;sérigraphe;Luxembourg;non;petit;dormant;2025-09-06;268;382;12;"entreprises ; collectivités";oui;non;non;non
R1603;Print Hélice Lyon;imprimeur;Lyon;oui;moyen;actif;2026-05-31;1;634;78;"festivals ; entreprises";oui;oui;non;non
R1604;Atelier Calanque Quimper;sérigraphe;Quimper;non;petit;dormant;2026-02-10;111;340;29;"associations ; entreprises";oui;non;non;non
R1605;Collectif Ubac Grenoble;agence;Grenoble;oui;moyen;dormant;2025-11-22;191;444;37;"associations ; festivals";oui;oui;non;non
R1606;Imprim'Ypréau Reims;sérigraphe;Reims;non;petit;actif;2026-05-21;11;372;36;"collectivités ; associations";oui;non;non;non
R1607;Studio Mistral Brest;sérigraphe;Brest;non;petit;actif;2026-05-15;17;317;53;"brasseries et bars ; collectivités";oui;oui;non;non
R1608;Atelier Vertigo Reims;sérigraphe;Reims;non;petit;dormant;2026-01-01;151;312;39;"associations ; festivals";oui;oui;non;non
R1609;Les Fils d'Trait d'Union Toulouse;brodeur;Toulouse;non;petit;dormant;2025-11-26;187;282;32;"associations ; clubs sportifs";oui;oui;non;non
R1610;Studio Estuaire Troyes;sérigraphe;Troyes;non;petit;dormant;2025-07-23;313;284;6;"clubs sportifs ; collectivités";non;oui;non;non
R1611;Textiprint Éclat Clermont-Ferrand;imprimeur;Clermont-Ferrand;non;petit;actif;2026-05-30;2;395;51;"clubs sportifs ; festivals";oui;oui;non;non
R1612;Les Fils d'Trait d'Union Nantes;brodeur;Nantes;non;moyen;dormant;2026-03-22;71;881;83;"associations ; entreprises";oui;non;non;non
R1613;Marquage Éclat La Rochelle;sérigraphe;La Rochelle;non;moyen;actif;2026-05-25;7;574;94;"collectivités ; brasseries et bars";oui;oui;non;non
R1614;Imprim'Quai Metz;sérigraphe;Metz;non;petit;actif;2026-05-30;2;391;38;"festivals ; entreprises";oui;oui;non;non
R1615;Marquage Trait d'Union;sérigraphe;Pau;non;petit;dormant;2026-01-12;140;280;38;"associations ; entreprises";oui;non;non;non
R1616;Sérigraphie Deux Rives Chambéry;sérigraphe;Chambéry;oui;moyen;actif;2026-05-31;1;549;115;"brasseries et bars ; clubs sportifs";oui;oui;non;non
R1617;Print Quai Marseille;imprimeur;Marseille;oui;petit;actif;2026-05-13;19;216;38;"clubs sportifs ; festivals";oui;oui;non;non
R1618;Atelier du Lac Avignon;brodeur;Avignon;oui;grand;dormant;2026-03-27;66;1474;146;"collectivités ; clubs sportifs";oui;oui;non;oui
R1619;Séri'Nord Marseille;sérigraphe;Marseille;oui;petit;actif;2026-04-28;34;231;36;"clubs sportifs ; entreprises";oui;oui;non;non
R1620;Print Ricochet;imprimeur;Saint-Étienne;oui;petit;actif;2026-05-13;19;269;45;"festivals ; entreprises";oui;oui;non;non
R1621;Séri'Sud Amiens;sérigraphe;Amiens;non;petit;actif;2026-05-29;3;427;36;"entreprises ; collectivités";oui;non;non;non
R1622;Atelier Solstice Mulhouse;sérigraphe;Mulhouse;non;petit;dormant;2025-10-29;215;188;22;"entreprises ; collectivités";oui;non;non;non
R1623;Impression Cap Ouest Chambéry;imprimeur;Chambéry;oui;moyen;actif;2026-05-30;2;913;87;"collectivités ; clubs sportifs";oui;oui;non;non
R1624;Séri'Solstice Poitiers;sérigraphe;Poitiers;non;petit;dormant;2026-01-06;146;266;19;"clubs sportifs ; festivals";oui;oui;non;non
R1625;Imprim'Tandem Nancy;sérigraphe;Nancy;non;petit;actif;2026-05-25;7;228;51;"entreprises ; associations";oui;non;non;non
R1626;Marquage Boréal;sérigraphe;Turin;oui;petit;dormant;2025-08-31;274;301;13;"collectivités ; clubs sportifs";oui;oui;non;non
R1627;Les Fils d'Sud Lille;brodeur;Lille;non;grand;actif;2026-05-26;6;2206;123;"brasseries et bars ; collectivités";oui;oui;non;oui
R1628;Impression Lumière Barcelone;imprimeur;Barcelone;non;petit;actif;2026-05-24;8;417;45;"entreprises ; festivals";oui;oui;non;non
R1629;Brod'Ocre;brodeur;Bordeaux;non;petit;actif;2026-05-31;1;304;52;"entreprises ; brasseries et bars";oui;oui;non;non
R1630;Broderie Vauban;brodeur;Strasbourg;non;petit;actif;2026-05-31;1;318;59;"associations ; entreprises";oui;non;non;non
R1631;Agence des Volcans Reims;agence;Reims;non;petit;dormant;2025-09-29;245;356;17;"entreprises ; collectivités";oui;non;non;non
R1632;Sérigraphie Mistral Reims;sérigraphe;Reims;non;moyen;dormant;2026-03-23;70;723;75;"collectivités ; clubs sportifs";oui;oui;non;non
R1633;Sérigraphie Tramontane;sérigraphe;Strasbourg;non;petit;actif;2026-05-31;1;294;45;"festivals ; clubs sportifs";non;oui;non;non
R1634;Brod'Tramontane;brodeur;Orléans;non;petit;dormant;2026-01-20;132;410;46;"collectivités ; clubs sportifs";oui;oui;non;non
R1635;Marquage Ardoise Saint-Étienne;sérigraphe;Saint-Étienne;oui;petit;actif;2026-05-25;7;314;60;"festivals ; clubs sportifs";oui;oui;non;non
R1636;Textiprint Kaolin;imprimeur;Arras;non;petit;dormant;2026-01-23;129;373;42;"entreprises ; collectivités";oui;non;non;non
R1637;Textiprint Sud;imprimeur;Rennes;non;petit;actif;2026-05-03;29;360;38;"clubs sportifs ; entreprises";oui;oui;non;non
R1638;Atelier Tandem Le Mans;sérigraphe;Le Mans;non;petit;dormant;2026-01-10;142;362;25;"collectivités ; associations";oui;non;non;non
R1639;Collectif Granit;agence;Poitiers;non;petit;actif;2026-05-20;12;410;40;"festivals ; collectivités";oui;oui;non;non
R1640;Maison Loire;brodeur;Valence;oui;moyen;actif;2026-05-26;6;877;85;"collectivités ; festivals";oui;oui;non;non
R1641;Studio Nacre Strasbourg;agence;Strasbourg;non;moyen;actif;2026-05-29;3;873;98;"brasseries et bars ; entreprises";oui;oui;non;non
R1642;Atelier Rhône Bilbao;sérigraphe;Bilbao;non;moyen;dormant;2025-11-18;195;729;47;"entreprises ; brasseries et bars";oui;oui;non;non
R1643;Séri'Basalte Metz;sérigraphe;Metz;non;grand;actif;2026-05-29;3;1825;161;"festivals ; associations";oui;oui;non;oui
R1644;Atelier Hélice Orléans;brodeur;Orléans;non;petit;actif;2026-05-21;11;365;49;"festivals ; associations";oui;oui;non;non
R1645;Agence du Lac Rennes;agence;Rennes;non;moyen;dormant;2026-01-06;146;942;60;"brasseries et bars ; associations";oui;oui;non;non
R1646;Studio Basalte Orléans;agence;Orléans;non;petit;actif;2026-05-22;10;395;41;"associations ; entreprises";oui;non;non;non
R1647;Collectif Jonquille Dijon;agence;Dijon;non;moyen;actif;2026-05-31;1;867;111;"festivals ; entreprises";oui;oui;non;non
R1648;Marquage Vertigo Bruxelles;sérigraphe;Bruxelles;non;petit;dormant;2026-03-09;84;351;24;"associations ; entreprises";non;non;non;non
R1649;Studio Ypréau Brest;agence;Brest;non;moyen;dormant;2026-01-31;121;672;81;"collectivités ; associations";oui;non;non;non
R1650;Maison Deux Rives;brodeur;Limoges;non;petit;dormant;2025-08-31;274;211;9;"associations ; clubs sportifs";oui;oui;non;non
R1651;Atelier Éclat La Rochelle;brodeur;La Rochelle;non;moyen;actif;2026-05-31;1;465;105;"collectivités ; entreprises";oui;non;non;non
R1652;Atelier Horizon Dijon;agence;Dijon;non;moyen;dormant;2025-11-19;194;579;56;"brasseries et bars ; entreprises";oui;oui;non;non
R1653;Imprim'Indigo Bayonne;sérigraphe;Bayonne;non;petit;dormant;2025-09-09;265;313;12;"entreprises ; festivals";oui;oui;non;non
R1654;Agence des Volcans Brest;agence;Brest;non;grand;actif;2026-05-29;3;1078;199;"brasseries et bars ; festivals";oui;oui;non;oui
R1655;Séri'Origami La Rochelle;sérigraphe;La Rochelle;non;moyen;dormant;2025-08-15;290;720;32;"collectivités ; entreprises";oui;non;non;non
R1656;Atelier Ricochet Bayonne;agence;Bayonne;non;petit;actif;2026-05-25;7;289;53;"brasseries et bars ; clubs sportifs";oui;oui;non;non
R1657;Agence Cap Ouest La Rochelle;agence;La Rochelle;non;petit;dormant;2025-11-10;203;340;20;"clubs sportifs ; entreprises";oui;oui;non;non
R1658;Atelier Estuaire Bayonne;sérigraphe;Bayonne;non;moyen;dormant;2025-07-23;313;806;12;"clubs sportifs ; associations";oui;oui;non;non
R1659;Broderie Origami;brodeur;Rennes;non;grand;actif;2026-05-30;2;1676;130;"clubs sportifs ; entreprises";oui;oui;non;oui
R1660;Studio Amarante La Rochelle;sérigraphe;La Rochelle;non;petit;actif;2026-05-28;4;236;42;"entreprises ; collectivités";oui;non;non;non
R1661;Studio Pixel Rouen;sérigraphe;Rouen;non;petit;dormant;2025-09-09;265;202;21;"entreprises ; brasseries et bars";oui;oui;non;non
R1662;Point Pastel;brodeur;Orléans;non;petit;actif;2026-05-24;8;188;51;"entreprises ; associations";oui;non;non;non
R1663;Broderie Origami Lyon;brodeur;Lyon;oui;petit;actif;2026-05-20;12;362;41;"associations ; clubs sportifs";oui;oui;non;non
R1664;Studio Trait d'Union Arras;sérigraphe;Arras;non;petit;actif;2026-05-20;12;189;55;"brasseries et bars ; collectivités";oui;oui;non;non
R1665;Séri'Ubac Bayonne;sérigraphe;Bayonne;non;petit;actif;2026-05-28;4;303;58;"clubs sportifs ; associations";non;oui;non;non
R1666;Broderie Trait d'Union Bordeaux;brodeur;Bordeaux;non;petit;dormant;2025-11-21;192;394;28;"collectivités ; associations";oui;non;non;non
R1667;Point Vertigo Albi;brodeur;Albi;non;petit;actif;2026-05-19;13;269;51;"entreprises ; brasseries et bars";oui;oui;non;non
R1668;Collectif Nacre Liège;agence;Liège;non;petit;dormant;2026-03-06;87;185;45;"brasseries et bars ; collectivités";oui;oui;non;non
R1669;Séri'Jonquille Valence;sérigraphe;Valence;oui;petit;actif;2026-05-28;4;245;57;"festivals ; entreprises";oui;oui;non;non
R1670;Studio Sarment Avignon;agence;Avignon;oui;petit;dormant;2025-08-02;303;331;10;"festivals ; clubs sportifs";oui;oui;non;non
R1671;Studio Éclat;sérigraphe;Saint-Étienne;oui;petit;dormant;2025-12-18;165;190;19;"clubs sportifs ; entreprises";oui;oui;non;non
R1672;Sérigraphie Vauban Nancy;sérigraphe;Nancy;non;petit;dormant;2025-10-30;214;401;25;"brasseries et bars ; collectivités";oui;oui;non;non
R1673;Sérigraphie Zinc Albi;sérigraphe;Albi;non;petit;dormant;2025-12-05;178;382;26;"festivals ; collectivités";oui;oui;non;non
R1674;Studio Cap Ouest Béziers;agence;Béziers;non;moyen;dormant;2026-01-27;125;682;51;"festivals ; clubs sportifs";oui;oui;non;non
R1675;Collectif Bleu Marine;agence;Brest;non;moyen;dormant;2025-10-29;215;900;31;"associations ; collectivités";oui;non;non;non
R1676;Imprim'Vauban Amiens;sérigraphe;Amiens;non;grand;actif;2026-05-31;1;1904;192;"collectivités ; entreprises";oui;non;non;non
R1677;Brod'Cyan Caen;brodeur;Caen;non;moyen;actif;2026-05-30;2;610;116;"festivals ; collectivités";oui;oui;non;non
R1678;Imprim'Vermeil Saint-Étienne;sérigraphe;Saint-Étienne;oui;moyen;dormant;2026-02-17;104;700;87;"brasseries et bars ; festivals";oui;oui;non;non
R1679;Les Fils d'Ardoise Lyon;brodeur;Lyon;oui;petit;dormant;2025-10-31;213;308;16;"clubs sportifs ; associations";oui;oui;non;non
R1680;Studio Kaolin Béziers;agence;Béziers;non;petit;dormant;2025-08-25;280;322;11;"entreprises ; clubs sportifs";oui;oui;non;non
R1681;Point Cyan;brodeur;Namur;non;petit;actif;2026-05-26;6;231;51;"collectivités ; festivals";oui;oui;non;non
R1682;Sérigraphie Ardoise Strasbourg;sérigraphe;Strasbourg;non;petit;actif;2026-05-30;2;205;33;"brasseries et bars ; festivals";oui;oui;non;non
R1683;Atelier Tandem Nancy;brodeur;Nancy;non;petit;dormant;2025-09-20;254;417;11;"entreprises ; festivals";oui;oui;non;non
R1684;Atelier Jonquille Milan;sérigraphe;Milan;non;petit;actif;2026-05-28;4;221;31;"festivals ; associations";oui;oui;non;non
R1685;Atelier Pixel Rouen;sérigraphe;Rouen;non;petit;actif;2026-05-28;4;403;49;"collectivités ; associations";oui;non;non;non
R1686;Point Tramontane Luxembourg;brodeur;Luxembourg;non;petit;dormant;2025-07-26;310;229;5;"brasseries et bars ; festivals";oui;oui;non;non
R1687;Textiprint Éclat Strasbourg;imprimeur;Strasbourg;non;petit;actif;2026-05-23;9;195;50;"brasseries et bars ; entreprises";oui;oui;non;non
R1688;Les Fils d'Perspective Rennes;brodeur;Rennes;non;petit;actif;2026-05-30;2;381;53;"brasseries et bars ; associations";oui;oui;non;non
R1689;Atelier Vertigo Arras;sérigraphe;Arras;non;moyen;actif;2026-05-29;3;431;78;"collectivités ; entreprises";oui;non;non;non
R1690;Les Fils d'Pixel;brodeur;Lausanne;oui;petit;dormant;2025-10-17;227;424;19;"brasseries et bars ; festivals";oui;oui;non;non
R1691;Broderie Pastel Bordeaux;brodeur;Bordeaux;non;moyen;dormant;2026-01-30;122;794;57;"festivals ; clubs sportifs";oui;oui;non;non
R1692;Point Kaolin Dijon;brodeur;Dijon;non;moyen;actif;2026-05-29;3;744;110;"festivals ; collectivités";oui;oui;non;non
R1693;Maison du Lac Bayonne;brodeur;Bayonne;non;petit;dormant;2026-02-05;116;337;28;"associations ; festivals";oui;oui;non;non
R1694;Studio Granit Angers;sérigraphe;Angers;non;petit;actif;2026-05-28;4;389;46;"festivals ; entreprises";oui;oui;non;non
R1695;Les Fils d'Rhône Grenoble;brodeur;Grenoble;oui;petit;dormant;2025-10-15;229;267;22;"brasseries et bars ; associations";oui;oui;non;non
R1696;Atelier Tramontane Reims;brodeur;Reims;non;moyen;actif;2026-05-31;1;773;75;"associations ; brasseries et bars";oui;oui;non;non
R1697;Atelier Cyan Lille;agence;Lille;non;moyen;actif;2026-05-29;3;565;73;"clubs sportifs ; brasseries et bars";oui;oui;non;non
R1698;Marquage Sarment Toulouse;sérigraphe;Toulouse;non;grand;dormant;2025-09-08;266;1139;60;"entreprises ; associations";oui;non;non;non
R1699;Collectif Cap Ouest Brest;agence;Brest;non;petit;actif;2026-05-22;10;163;39;"festivals ; clubs sportifs";oui;oui;non;non
R1700;Agence Origami Saint-Étienne;agence;Saint-Étienne;oui;moyen;actif;2026-05-30;2;825;68;"collectivités ; entreprises";oui;non;non;non
R1701;Agence Alizé Bordeaux;agence;Bordeaux;non;petit;actif;2026-05-18;14;331;55;"brasseries et bars ; festivals";oui;oui;non;non
R1702;Collectif Sud;agence;Caen;non;moyen;actif;2026-05-31;1;550;78;"clubs sportifs ; collectivités";oui;oui;oui;non
R1703;Séri'Ubac Mulhouse;sérigraphe;Mulhouse;non;moyen;dormant;2025-10-24;220;457;44;"entreprises ; clubs sportifs";oui;oui;non;non
R1704;Atelier Atlantique Bayonne;brodeur;Bayonne;non;grand;actif;2026-05-31;1;1090;211;"festivals ; brasseries et bars";oui;oui;non;oui
R1705;Collectif Garonne;agence;Montpellier;oui;petit;actif;2026-05-15;17;323;40;"brasseries et bars ; festivals";oui;oui;non;non
R1706;Atelier Éclat Avignon;sérigraphe;Avignon;oui;grand;dormant;2025-08-23;282;1600;48;"collectivités ; brasseries et bars";oui;oui;non;non
R1707;Point Tandem Chambéry;brodeur;Chambéry;oui;petit;actif;2026-05-29;3;166;48;"clubs sportifs ; festivals";oui;oui;non;non
R1708;Maison Alizé;brodeur;Toulouse;non;moyen;actif;2026-05-23;9;632;114;"festivals ; brasseries et bars";oui;oui;non;non
R1709;Séri'Trait d'Union Bilbao;sérigraphe;Bilbao;non;petit;dormant;2025-12-08;175;267;32;"clubs sportifs ; entreprises";oui;oui;non;non
R1710;Les Fils d'du Lac La Rochelle;brodeur;La Rochelle;non;moyen;dormant;2025-07-24;312;1022;11;"festivals ; associations";oui;oui;non;non
R1711;Brod'Tramontane Annecy;brodeur;Annecy;oui;petit;dormant;2025-09-25;249;211;15;"entreprises ; brasseries et bars";oui;oui;non;non
R1712;Maison Tandem Orléans;brodeur;Orléans;non;petit;dormant;2026-02-28;93;191;38;"festivals ; collectivités";oui;oui;non;non
R1713;Atelier Solstice Limoges;sérigraphe;Limoges;non;petit;dormant;2025-10-31;213;357;14;"collectivités ; entreprises";oui;non;non;non
R1714;Imprim'Kaolin Milan;sérigraphe;Milan;non;petit;dormant;2025-10-11;233;179;25;"entreprises ; brasseries et bars";oui;oui;non;non
R1715;Séri'Cyan Vannes;sérigraphe;Vannes;non;grand;actif;2026-05-26;6;1259;203;"brasseries et bars ; festivals";oui;oui;non;oui
R1716;Sérigraphie Vermeil Quimper;sérigraphe;Quimper;non;petit;dormant;2025-10-07;237;343;16;"collectivités ; clubs sportifs";oui;oui;non;non
R1717;Brod'Indigo Niort;brodeur;Niort;non;petit;dormant;2026-03-11;82;426;37;"collectivités ; entreprises";oui;non;non;non
R1718;Agence Amarante Metz;agence;Metz;non;petit;actif;2026-05-27;5;321;58;"brasseries et bars ; festivals";oui;oui;non;non
R1719;Print Mistral La Rochelle;imprimeur;La Rochelle;non;grand;actif;2026-05-30;2;1462;235;"entreprises ; brasseries et bars";oui;oui;non;oui
R1720;Atelier Calanque Béziers;sérigraphe;Béziers;non;moyen;actif;2026-05-30;2;924;118;"associations ; brasseries et bars";oui;oui;non;non
R1721;Studio Boréal Angers;sérigraphe;Angers;non;petit;dormant;2025-07-03;333;177;5;"entreprises ; brasseries et bars";oui;oui;non;non
R1722;Point Éclat Mulhouse;brodeur;Mulhouse;non;moyen;dormant;2026-01-08;144;688;46;"clubs sportifs ; brasseries et bars";oui;oui;non;non
R1723;Séri'Lumière Caen;sérigraphe;Caen;non;moyen;actif;2026-05-25;7;605;80;"festivals ; collectivités";oui;oui;non;non
R1724;Collectif Cyan Rouen;agence;Rouen;non;petit;actif;2026-05-26;6;201;55;"festivals ; brasseries et bars";oui;oui;non;non
R1725;Sérigraphie Mistral;sérigraphe;Milan;non;petit;actif;2026-05-31;1;351;51;"festivals ; associations";oui;oui;non;non
R1726;Studio Cardinal Dijon;sérigraphe;Dijon;non;petit;dormant;2025-10-16;228;324;25;"clubs sportifs ; entreprises";oui;oui;non;non
R1727;Collectif Cyan Caen;agence;Caen;non;petit;dormant;2025-12-24;159;292;22;"associations ; collectivités";oui;non;non;non
R1728;Séri'Ocre Amiens;sérigraphe;Amiens;non;petit;dormant;2025-07-20;316;235;7;"clubs sportifs ; entreprises";non;oui;oui;non
R1729;Maison Zinc Bordeaux;brodeur;Bordeaux;non;petit;dormant;2025-09-04;270;160;20;"festivals ; entreprises";oui;oui;non;non
R1730;Sérigraphie Alizé Nantes;sérigraphe;Nantes;non;petit;dormant;2025-09-15;259;325;11;"associations ; brasseries et bars";oui;oui;non;non
R1731;Sérigraphie Ypréau Bayonne;sérigraphe;Bayonne;non;petit;actif;2026-05-30;2;163;47;"associations ; festivals";oui;oui;non;non
R1732;Atelier Tandem Brest;agence;Brest;non;petit;actif;2026-05-26;6;248;51;"entreprises ; collectivités";oui;non;non;non
R1733;Séri'Hélice Genève;sérigraphe;Genève;oui;moyen;dormant;2025-12-11;172;913;46;"clubs sportifs ; collectivités";oui;oui;non;non
R1734;Collectif Tramontane Nîmes;agence;Nîmes;oui;petit;actif;2026-05-17;15;359;35;"entreprises ; festivals";oui;oui;non;non
R1735;Brod'Estuaire Pau;brodeur;Pau;non;moyen;dormant;2025-09-04;270;642;26;"associations ; entreprises";oui;non;non;non
R1736;Atelier Ocre Poitiers;sérigraphe;Poitiers;non;petit;actif;2026-05-27;5;218;34;"associations ; festivals";oui;oui;non;non
R1737;Atelier Zénith Arras;sérigraphe;Arras;non;petit;dormant;2025-12-05;178;399;15;"collectivités ; brasseries et bars";non;oui;non;non
R1738;Les Fils d'Amarante;brodeur;Dijon;non;moyen;actif;2026-05-26;6;585;104;"clubs sportifs ; brasseries et bars";oui;oui;non;non
R1739;Brod'Garonne Milan;brodeur;Milan;non;petit;actif;2026-05-30;2;257;46;"brasseries et bars ; entreprises";oui;oui;non;non
R1740;Studio Kaolin Lyon;sérigraphe;Lyon;oui;moyen;actif;2026-05-30;2;559;83;"collectivités ; associations";oui;non;non;non
R1741;Marquage Boréal Rouen;sérigraphe;Rouen;non;petit;dormant;2025-10-06;238;216;25;"associations ; festivals";oui;oui;non;non
R1742;Maison Cap Ouest Bilbao;brodeur;Bilbao;non;moyen;actif;2026-05-28;4;548;60;"associations ; collectivités";oui;non;non;non
R1743;Point Lumière Barcelone;brodeur;Barcelone;non;petit;dormant;2025-10-25;219;234;24;"clubs sportifs ; collectivités";oui;oui;non;non
R1744;Imprim'Sud Nantes;sérigraphe;Nantes;non;petit;dormant;2025-11-29;184;200;37;"entreprises ; festivals";oui;oui;non;non
R1745;Sérigraphie Faubourg Nancy;sérigraphe;Nancy;non;petit;dormant;2026-01-17;135;375;32;"festivals ; clubs sportifs";oui;oui;non;non
R1746;Studio Faubourg Rennes;agence;Rennes;non;moyen;actif;2026-05-21;11;617;78;"festivals ; collectivités";oui;oui;non;non
R1747;Imprim'Nacre Bayonne;sérigraphe;Bayonne;non;petit;actif;2026-05-29;3;288;49;"entreprises ; clubs sportifs";oui;oui;non;non
R1748;Sérigraphie Garonne Marseille;sérigraphe;Marseille;oui;grand;dormant;2026-03-19;74;1397;154;"associations ; collectivités";oui;non;non;non
R1749;Atelier Sud Rennes;sérigraphe;Rennes;non;grand;actif;2026-05-31;1;2067;236;"festivals ; associations";oui;oui;non;oui
R1750;Agence Ardoise Reims;agence;Reims;non;petit;actif;2026-05-19;13;346;57;"brasseries et bars ; festivals";oui;oui;non;non
R1751;Studio Pixel Bayonne;agence;Bayonne;non;petit;actif;2026-05-31;1;240;57;"brasseries et bars ; associations";oui;oui;non;non
R1752;Point Pixel;brodeur;Rennes;non;petit;dormant;2025-09-12;262;343;12;"collectivités ; entreprises";oui;non;non;non
R1753;Atelier Loire Chambéry;brodeur;Chambéry;oui;grand;actif;2026-05-31;1;1206;187;"brasseries et bars ; collectivités";oui;oui;non;oui
R1754;Studio Garonne Brest;sérigraphe;Brest;non;moyen;actif;2026-05-30;2;664;97;"associations ; collectivités";oui;non;non;non
R1755;Sérigraphie Éclat Brest;sérigraphe;Brest;non;moyen;actif;2026-05-27;5;443;90;"brasseries et bars ; collectivités";oui;oui;non;non
R1756;Studio Atlantique Nantes;sérigraphe;Nantes;non;petit;actif;2026-05-19;13;400;55;"festivals ; clubs sportifs";non;oui;non;non
R1757;Imprimerie du Lac Rouen;imprimeur;Rouen;non;petit;actif;2026-04-06;56;362;36;"brasseries et bars ; festivals";oui;oui;non;non
R1758;Imprimerie Perspective Le Mans;imprimeur;Le Mans;non;moyen;actif;2026-05-23;9;724;79;"clubs sportifs ; festivals";oui;oui;non;non
R1759;Studio Cardinal Barcelone;sérigraphe;Barcelone;non;petit;actif;2026-05-31;1;162;43;"collectivités ; entreprises";oui;non;oui;non
R1760;Collectif Vauban Nîmes;agence;Nîmes;oui;moyen;dormant;2025-10-23;221;644;29;"entreprises ; festivals";oui;oui;non;non
R1761;Agence Grand Angle Turin;agence;Turin;oui;petit;actif;2026-05-23;9;255;32;"associations ; festivals";oui;oui;non;non
R1762;Imprim'Ricochet Angers;sérigraphe;Angers;non;petit;actif;2026-04-29;33;371;45;"associations ; brasseries et bars";oui;oui;non;non
R1763;Imprim'Zénith Lausanne;sérigraphe;Lausanne;oui;petit;actif;2026-05-25;7;278;40;"clubs sportifs ; festivals";oui;oui;non;non
R1764;Collectif Garonne Strasbourg;agence;Strasbourg;non;moyen;actif;2026-05-27;5;787;110;"entreprises ; brasseries et bars";oui;oui;non;non
R1765;Broderie des Volcans;brodeur;Troyes;non;petit;dormant;2025-08-22;283;282;13;"festivals ; collectivités";oui;oui;non;non
R1766;Marquage Ardoise Turin;sérigraphe;Turin;oui;moyen;actif;2026-05-26;6;927;117;"entreprises ; clubs sportifs";oui;oui;non;non
R1767;Atelier Vertigo Luxembourg;agence;Luxembourg;non;petit;actif;2026-05-30;2;171;50;"festivals ; collectivités";oui;oui;non;non
R1768;Marquage Sarment Le Mans;sérigraphe;Le Mans;non;moyen;actif;2026-05-18;14;766;98;"clubs sportifs ; festivals";oui;oui;non;non
R1769;Studio Bleu Marine Perpignan;sérigraphe;Perpignan;non;moyen;dormant;2026-02-04;117;698;66;"entreprises ; festivals";oui;oui;oui;non
R1770;Atelier Indigo Avignon;sérigraphe;Avignon;oui;moyen;dormant;2026-02-19;102;740;70;"brasseries et bars ; festivals";oui;oui;non;non
R1771;Les Fils d'Sud Turin;brodeur;Turin;oui;petit;dormant;2025-12-26;157;308;37;"entreprises ; collectivités";oui;non;non;non
R1772;Print Amarante;imprimeur;Strasbourg;non;petit;actif;2026-05-26;6;339;46;"collectivités ; clubs sportifs";oui;oui;non;non
R1773;Séri'Ardoise Avignon;sérigraphe;Avignon;oui;moyen;dormant;2025-09-12;262;820;30;"brasseries et bars ; collectivités";oui;oui;non;non
R1774;Broderie Estuaire Luxembourg;brodeur;Luxembourg;non;moyen;actif;2026-05-27;5;685;92;"brasseries et bars ; festivals";oui;oui;oui;non
R1775;Atelier Nord Lausanne;brodeur;Lausanne;oui;grand;dormant;2025-09-15;259;988;38;"entreprises ; clubs sportifs";oui;oui;non;non
R1776;Studio Vermeil Namur;agence;Namur;non;moyen;actif;2026-05-26;6;805;85;"entreprises ; collectivités";oui;non;non;non
R1777;Textiprint Nord;imprimeur;Annecy;oui;grand;actif;2026-05-29;3;2182;209;"brasseries et bars ; entreprises";oui;oui;non;oui
R1778;Séri'Ardoise Nancy;sérigraphe;Nancy;non;moyen;dormant;2025-10-12;232;661;24;"collectivités ; festivals";oui;oui;non;non
R1779;Atelier Ubac Toulouse;sérigraphe;Toulouse;non;moyen;dormant;2026-01-21;131;774;50;"associations ; entreprises";oui;non;non;non
R1780;Print Cyan Pau;imprimeur;Pau;non;petit;actif;2026-05-26;6;197;48;"festivals ; brasseries et bars";oui;oui;non;non
R1781;Impression Horizon Pau;imprimeur;Pau;non;moyen;dormant;2025-08-23;282;636;21;"collectivités ; festivals";oui;oui;non;non
R1782;Atelier Pastel Perpignan;sérigraphe;Perpignan;non;petit;dormant;2025-11-12;201;245;30;"clubs sportifs ; collectivités";oui;oui;non;non
R1783;Sérigraphie des Volcans Albi;sérigraphe;Albi;non;moyen;dormant;2026-02-01;120;632;59;"entreprises ; clubs sportifs";oui;oui;non;non
R1784;Maison Perspective Pau;brodeur;Pau;non;petit;actif;2026-05-31;1;313;58;"festivals ; associations";oui;oui;non;non
R1785;Agence Cap Ouest;agence;Besançon;non;petit;actif;2026-05-25;7;258;54;"collectivités ; festivals";oui;oui;non;non
R1786;Imprim'Zinc Quimper;sérigraphe;Quimper;non;moyen;actif;2026-05-31;1;598;96;"associations ; entreprises";oui;non;non;non
R1787;Studio Pastel Lyon;agence;Lyon;oui;moyen;dormant;2025-09-16;258;719;39;"collectivités ; festivals";oui;oui;non;non
R1788;Broderie Ypréau Clermont-Ferrand;brodeur;Clermont-Ferrand;non;moyen;actif;2026-05-18;14;821;100;"associations ; festivals";oui;oui;non;non
R1789;Print Cardinal Bordeaux;imprimeur;Bordeaux;non;petit;actif;2026-05-18;14;267;42;"brasseries et bars ; festivals";oui;oui;non;non
R1790;Imprimerie Indigo;imprimeur;Grenoble;oui;petit;actif;2026-05-31;1;260;44;"festivals ; associations";oui;oui;non;non
R1791;Brod'Boréal La Rochelle;brodeur;La Rochelle;non;petit;dormant;2026-03-05;88;253;39;"entreprises ; associations";oui;non;non;non
R1792;Collectif Hélice Vannes;agence;Vannes;non;petit;actif;2026-05-31;1;209;54;"festivals ; associations";oui;oui;non;non
R1793;Atelier Perspective Nîmes;agence;Nîmes;oui;petit;dormant;2025-07-14;322;354;5;"associations ; festivals";non;oui;non;non
R1794;Séri'Ardoise Namur;sérigraphe;Namur;non;moyen;actif;2026-05-31;1;778;91;"brasseries et bars ; entreprises";oui;oui;non;non
R1795;Atelier Deux Rives Lausanne;sérigraphe;Lausanne;oui;grand;dormant;2025-09-30;244;1626;71;"clubs sportifs ; festivals";oui;oui;non;non
R1796;Maison Lumière Saint-Étienne;brodeur;Saint-Étienne;oui;petit;actif;2026-05-16;16;266;31;"collectivités ; associations";oui;non;non;non
R1797;Broderie Horizon;brodeur;Avignon;oui;petit;dormant;2026-01-31;121;242;22;"associations ; brasseries et bars";non;oui;non;non
R1798;Brod'Trait d'Union;brodeur;Angers;non;petit;actif;2026-05-28;4;396;41;"brasseries et bars ; collectivités";oui;oui;non;non
R1799;Studio des Volcans Milan;sérigraphe;Milan;non;petit;actif;2026-05-10;22;307;33;"festivals ; collectivités";oui;oui;non;non
R1800;Marquage Ypréau Nancy;sérigraphe;Nancy;non;moyen;actif;2026-05-31;1;887;119;"brasseries et bars ; festivals";oui;oui;non;non
R1801;Studio Ypréau Nantes;agence;Nantes;non;petit;actif;2026-05-16;16;276;45;"associations ; collectivités";oui;non;non;non
R1802;Marquage Basalte Reims;sérigraphe;Reims;non;grand;dormant;2025-09-14;260;2117;52;"entreprises ; brasseries et bars";oui;oui;oui;non
R1803;Atelier Atlantique Turin;sérigraphe;Turin;oui;petit;actif;2026-05-28;4;198;50;"clubs sportifs ; brasseries et bars";oui;oui;non;non
R1804;Atelier Ardoise Nancy;agence;Nancy;non;petit;dormant;2025-11-22;191;412;23;"associations ; brasseries et bars";oui;oui;non;non
R1805;Marquage Alizé Niort;sérigraphe;Niort;non;petit;dormant;2025-07-19;317;343;10;"brasseries et bars ; clubs sportifs";oui;oui;non;non
R1806;Atelier Jonquille Mulhouse;agence;Mulhouse;non;grand;actif;2026-05-29;3;2111;142;"brasseries et bars ; entreprises";oui;oui;non;oui
R1807;Sérigraphie Loire Marseille;sérigraphe;Marseille;oui;petit;actif;2026-05-12;20;349;48;"associations ; entreprises";oui;non;non;non
R1808;Atelier Faubourg Pau;brodeur;Pau;non;grand;actif;2026-05-29;3;1132;202;"clubs sportifs ; entreprises";oui;oui;non;oui
R1809;Studio Estuaire Orléans;agence;Orléans;non;petit;actif;2026-05-31;1;258;39;"associations ; festivals";oui;oui;non;non
R1810;Textiprint Tramontane Rouen;imprimeur;Rouen;non;petit;actif;2026-05-29;3;295;51;"festivals ; entreprises";oui;oui;non;non
R1811;Imprim'Zénith Brest;sérigraphe;Brest;non;petit;actif;2026-05-27;5;276;47;"brasseries et bars ; clubs sportifs";oui;oui;non;non
R1812;Imprim'Éclat;sérigraphe;Bilbao;non;moyen;actif;2026-05-29;3;841;98;"associations ; entreprises";oui;non;non;non
R1813;Point Tramontane Dijon;brodeur;Dijon;non;grand;actif;2026-05-29;3;2218;230;"associations ; festivals";oui;oui;non;oui
R1814;Séri'du Lac Bayonne;sérigraphe;Bayonne;non;moyen;actif;2026-05-30;2;839;89;"festivals ; clubs sportifs";oui;oui;non;non
R1815;Imprim'Grand Angle Limoges;sérigraphe;Limoges;non;petit;dormant;2025-07-19;317;357;5;"festivals ; entreprises";non;oui;non;non
R1816;Collectif des Volcans Béziers;agence;Béziers;non;moyen;actif;2026-05-30;2;449;73;"collectivités ; brasseries et bars";oui;oui;non;non
R1817;Imprim'Ardoise Bruxelles;sérigraphe;Bruxelles;non;petit;dormant;2025-08-29;276;413;14;"entreprises ; brasseries et bars";oui;oui;non;non
R1818;Atelier Alizé Liège;sérigraphe;Liège;non;petit;actif;2026-05-30;2;244;43;"associations ; festivals";oui;oui;non;non
R1819;Studio Rhône Chambéry;sérigraphe;Chambéry;oui;petit;actif;2026-04-27;35;291;39;"collectivités ; festivals";oui;oui;non;non
R1820;Imprim'Tandem Liège;sérigraphe;Liège;non;moyen;actif;2026-05-28;4;696;101;"entreprises ; clubs sportifs";oui;oui;oui;non
R1821;Atelier Vauban Annecy;agence;Annecy;oui;petit;dormant;2025-09-02;272;282;13;"entreprises ; clubs sportifs";oui;oui;non;non
R1822;Atelier Solstice Pau;agence;Pau;non;moyen;dormant;2025-07-31;305;707;20;"brasseries et bars ; festivals";oui;oui;oui;non
R1823;Broderie Vermeil Clermont-Ferrand;brodeur;Clermont-Ferrand;non;moyen;dormant;2025-09-07;267;517;31;"festivals ; collectivités";oui;oui;non;non
R1824;Les Fils d'Deux Rives Dijon;brodeur;Dijon;non;petit;actif;2026-05-28;4;318;53;"brasseries et bars ; associations";oui;oui;non;non
R1825;Imprim'Bleu Marine;sérigraphe;Bordeaux;non;moyen;actif;2026-05-30;2;689;90;"clubs sportifs ; entreprises";oui;oui;non;non
R1826;Séri'Ricochet Namur;sérigraphe;Namur;non;petit;dormant;2025-12-13;170;165;23;"clubs sportifs ; festivals";oui;oui;non;non
R1827;Collectif Grand Angle Avignon;agence;Avignon;oui;petit;actif;2026-05-27;5;279;55;"collectivités ; brasseries et bars";oui;oui;non;non
R1828;Studio Nord Troyes;agence;Troyes;non;petit;actif;2026-05-28;4;344;60;"associations ; collectivités";oui;non;non;non
R1829;Atelier Rhône Bayonne;sérigraphe;Bayonne;non;petit;actif;2026-05-25;7;285;53;"festivals ; associations";oui;oui;non;non
R1830;Studio Trait d'Union Brest;sérigraphe;Brest;non;moyen;dormant;2025-10-31;213;797;31;"associations ; collectivités";oui;non;non;non
R1831;Maison Ocre Saint-Étienne;brodeur;Saint-Étienne;oui;moyen;actif;2026-05-24;8;728;68;"festivals ; clubs sportifs";oui;oui;non;non
R1832;Atelier Granit Grenoble;agence;Grenoble;oui;moyen;actif;2026-05-31;1;732;117;"festivals ; entreprises";oui;oui;non;non
R1833;Marquage Deux Rives Milan;sérigraphe;Milan;non;petit;dormant;2025-09-27;247;170;24;"collectivités ; clubs sportifs";oui;oui;non;non
R1834;Atelier Ubac Bruxelles;agence;Bruxelles;non;moyen;actif;2026-05-25;7;515;102;"collectivités ; associations";oui;non;non;non
R1835;Collectif Sarment Dijon;agence;Dijon;non;petit;actif;2026-05-28;4;266;58;"entreprises ; collectivités";oui;non;non;non
R1836;Broderie Vertigo Valence;brodeur;Valence;oui;petit;actif;2026-05-28;4;305;56;"collectivités ; festivals";oui;oui;non;non
R1837;Sérigraphie Basalte Metz;sérigraphe;Metz;non;grand;dormant;2025-08-20;285;1670;57;"associations ; festivals";oui;oui;non;non
R1838;Séri'Grand Angle Grenoble;sérigraphe;Grenoble;oui;moyen;actif;2026-05-27;5;848;72;"entreprises ; brasseries et bars";oui;oui;non;non
R1839;Broderie Jonquille Marseille;brodeur;Marseille;oui;moyen;dormant;2025-09-13;261;671;33;"festivals ; entreprises";oui;oui;non;non
R1840;Atelier Pixel Bruxelles;sérigraphe;Bruxelles;non;petit;actif;2026-05-31;1;204;45;"collectivités ; brasseries et bars";oui;oui;non;non
R1841;Séri'Lumière Reims;sérigraphe;Reims;non;grand;dormant;2025-08-18;287;1527;28;"collectivités ; clubs sportifs";oui;oui;non;non
R1842;Sérigraphie Garonne Vannes;sérigraphe;Vannes;non;moyen;actif;2026-05-26;6;778;97;"clubs sportifs ; entreprises";oui;oui;non;non
R1843;Brod'Alizé Saint-Étienne;brodeur;Saint-Étienne;oui;petit;dormant;2025-10-15;229;374;15;"entreprises ; associations";oui;non;non;non
R1844;Collectif Ocre Toulouse;agence;Toulouse;non;grand;dormant;2025-08-23;282;1397;35;"brasseries et bars ; associations";oui;oui;non;non
R1845;Imprim'Vertigo Bruxelles;sérigraphe;Bruxelles;non;petit;actif;2026-05-28;4;195;37;"clubs sportifs ; festivals";oui;oui;non;non
R1846;Maison Zinc Rennes;brodeur;Rennes;non;petit;actif;2026-05-30;2;292;55;"brasseries et bars ; collectivités";oui;oui;non;non
R1847;Studio Atlantique Clermont-Ferrand;agence;Clermont-Ferrand;non;moyen;actif;2026-05-30;2;569;87;"clubs sportifs ; collectivités";oui;oui;non;non
R1848;Collectif Loire Nantes;agence;Nantes;non;petit;dormant;2025-08-22;283;457;8;"collectivités ; clubs sportifs";oui;oui;non;non
R1849;Impression Pixel;imprimeur;Avignon;oui;grand;actif;2026-05-31;1;952;190;"brasseries et bars ; festivals";oui;oui;non;oui
R1850;Imprim'Ypréau Annecy;sérigraphe;Annecy;oui;petit;dormant;2025-09-24;250;279;14;"collectivités ; festivals";oui;oui;non;non
R1851;Studio Atlantique La Rochelle;agence;La Rochelle;non;moyen;dormant;2026-03-07;86;517;61;"clubs sportifs ; brasseries et bars";oui;oui;non;non
R1852;Brod'Atlantique;brodeur;Lyon;oui;petit;dormant;2025-12-05;178;322;29;"collectivités ; associations";oui;non;non;non
R1853;Les Fils d'Deux Rives La Rochelle;brodeur;La Rochelle;non;petit;actif;2026-05-26;6;213;48;"collectivités ; entreprises";non;non;non;non
R1854;Sérigraphie Ocre Nancy;sérigraphe;Nancy;non;moyen;dormant;2025-11-18;195;482;42;"clubs sportifs ; collectivités";oui;oui;non;non
R1855;Atelier Pastel Liège;agence;Liège;non;grand;dormant;2025-07-27;309;1240;33;"entreprises ; associations";oui;non;non;non
R1856;Point Zénith Pau;brodeur;Pau;non;petit;actif;2026-05-31;1;225;44;"entreprises ; brasseries et bars";oui;oui;non;non
R1857;Sérigraphie Horizon Rennes;sérigraphe;Rennes;non;moyen;actif;2026-05-31;1;560;97;"festivals ; clubs sportifs";oui;oui;non;non
R1858;Studio Atlantique Lyon;agence;Lyon;oui;petit;actif;2026-05-28;4;325;31;"festivals ; collectivités";oui;oui;non;non
R1859;Séri'Vertigo Nantes;sérigraphe;Nantes;non;moyen;actif;2026-05-29;3;900;63;"brasseries et bars ; festivals";oui;oui;non;non
R1860;Séri'Grand Angle Chambéry;sérigraphe;Chambéry;oui;moyen;actif;2026-05-27;5;888;100;"clubs sportifs ; entreprises";oui;oui;non;non
R1861;Imprim'Zinc Caen;sérigraphe;Caen;non;petit;dormant;2025-08-17;288;221;3;"clubs sportifs ; collectivités";oui;oui;non;non
R1862;Broderie Loire;brodeur;Namur;non;petit;dormant;2025-11-06;207;192;17;"collectivités ; associations";oui;non;non;non
R1863;Studio Origami Troyes;sérigraphe;Troyes;non;moyen;actif;2026-05-31;1;476;120;"brasseries et bars ; associations";oui;oui;non;non
R1864;Séri'Tandem Bruxelles;sérigraphe;Bruxelles;non;petit;actif;2026-05-26;6;164;45;"associations ; festivals";oui;oui;non;non
R1865;Marquage Cyan Strasbourg;sérigraphe;Strasbourg;non;moyen;dormant;2025-08-29;276;814;20;"clubs sportifs ; brasseries et bars";oui;oui;non;non
R1866;Marquage Lumière Annecy;sérigraphe;Annecy;oui;petit;actif;2026-05-27;5;343;35;"brasseries et bars ; festivals";oui;oui;non;non
R1867;Atelier Sud Toulouse;sérigraphe;Toulouse;non;petit;dormant;2025-08-11;294;179;10;"clubs sportifs ; entreprises";non;oui;non;non
R1868;Atelier Calanque Milan;brodeur;Milan;non;petit;dormant;2025-09-18;256;267;13;"entreprises ; clubs sportifs";oui;oui;non;non
R1869;Broderie Ardoise;brodeur;Namur;non;petit;dormant;2025-11-23;190;357;16;"associations ; festivals";oui;oui;non;non
R1870;Les Fils d'Faubourg Nîmes;brodeur;Nîmes;oui;petit;dormant;2026-03-04;89;234;48;"brasseries et bars ; collectivités";oui;oui;non;non
R1871;Sérigraphie Basalte Namur;sérigraphe;Namur;non;grand;dormant;2025-08-03;302;1070;39;"entreprises ; brasseries et bars";oui;oui;non;non
R1872;Textiprint Horizon Avignon;imprimeur;Avignon;oui;petit;actif;2026-05-15;17;298;30;"festivals ; brasseries et bars";oui;oui;non;non
R1873;Imprim'Solstice Pau;sérigraphe;Pau;non;moyen;dormant;2025-07-05;331;677;11;"collectivités ; entreprises";oui;non;non;non
R1874;Marquage Granit Limoges;sérigraphe;Limoges;non;petit;actif;2026-05-25;7;344;58;"associations ; entreprises";oui;non;non;non
R1875;Imprimerie Cap Ouest;imprimeur;Poitiers;non;petit;dormant;2026-02-10;111;172;29;"associations ; collectivités";oui;non;non;non
R1876;Atelier Perspective Barcelone;agence;Barcelone;non;petit;actif;2026-05-25;7;175;35;"brasseries et bars ; collectivités";oui;oui;non;non
R1877;Sérigraphie Tramontane Grenoble;sérigraphe;Grenoble;oui;moyen;actif;2026-05-20;12;764;98;"associations ; festivals";oui;oui;non;non
R1878;Sérigraphie Lumière Valence;sérigraphe;Valence;oui;moyen;dormant;2025-10-26;218;705;23;"entreprises ; collectivités";oui;non;oui;non
R1879;Studio Ocre Caen;agence;Caen;non;petit;actif;2026-05-27;5;310;51;"associations ; festivals";oui;oui;non;non
R1880;Broderie Horizon Annecy;brodeur;Annecy;oui;moyen;dormant;2026-02-11;110;724;49;"festivals ; entreprises";oui;oui;non;non
R1881;Brod'Nacre;brodeur;Tours;non;petit;dormant;2025-12-11;172;203;16;"entreprises ; brasseries et bars";non;oui;non;non
R1882;Atelier Zénith Pau;brodeur;Pau;non;petit;actif;2026-05-29;3;232;59;"brasseries et bars ; collectivités";oui;oui;oui;non
R1883;Studio Kaolin Barcelone;sérigraphe;Barcelone;non;petit;actif;2026-05-27;5;188;34;"clubs sportifs ; entreprises";oui;oui;non;non
R1884;Point Perspective Annecy;brodeur;Annecy;oui;moyen;actif;2026-05-22;10;692;96;"associations ; collectivités";oui;non;non;non
R1885;Brod'Horizon;brodeur;Liège;non;moyen;actif;2026-05-31;1;941;61;"clubs sportifs ; collectivités";oui;oui;non;non
R1886;Studio Amarante Barcelone;agence;Barcelone;non;petit;dormant;2026-02-16;105;349;32;"associations ; festivals";oui;oui;non;non
R1887;Atelier Quai Nîmes;brodeur;Nîmes;oui;petit;dormant;2025-07-24;312;196;12;"festivals ; entreprises";oui;oui;non;non
R1888;Atelier Amarante Caen;sérigraphe;Caen;non;moyen;actif;2026-05-27;5;901;80;"associations ; brasseries et bars";oui;oui;non;non
R1889;Collectif Ubac Strasbourg;agence;Strasbourg;non;petit;dormant;2025-08-19;286;258;8;"brasseries et bars ; festivals";oui;oui;non;non
R1890;Sérigraphie Tandem Le Mans;sérigraphe;Le Mans;non;petit;actif;2026-05-23;9;365;34;"festivals ; brasseries et bars";oui;oui;non;non
R1891;Séri'Tandem Dijon;sérigraphe;Dijon;non;moyen;dormant;2026-03-05;88;515;80;"associations ; festivals";oui;oui;oui;non
R1892;Maison Pixel Chambéry;brodeur;Chambéry;oui;moyen;dormant;2025-11-02;211;623;41;"clubs sportifs ; collectivités";oui;oui;non;non
R1893;Imprim'Basalte Clermont-Ferrand;sérigraphe;Clermont-Ferrand;non;petit;actif;2026-05-27;5;172;51;"associations ; entreprises";oui;non;non;non
R1894;Studio Alizé Liège;sérigraphe;Liège;non;petit;actif;2026-05-15;17;243;35;"festivals ; brasseries et bars";oui;oui;non;non
R1895;Marquage Perspective Barcelone;sérigraphe;Barcelone;non;grand;actif;2026-05-31;1;1026;151;"festivals ; clubs sportifs";oui;oui;oui;non
R1896;Atelier Bleu Marine Lausanne;agence;Lausanne;oui;petit;dormant;2025-06-30;336;192;3;"collectivités ; entreprises";non;non;non;non
R1897;Impression Quai;imprimeur;Dijon;non;moyen;dormant;2025-12-19;164;542;63;"entreprises ; brasseries et bars";oui;oui;non;non
R1898;Atelier Solstice Besançon;sérigraphe;Besançon;non;petit;actif;2026-05-22;10;348;53;"collectivités ; associations";oui;non;non;non
R1899;Sérigraphie Ricochet Milan;sérigraphe;Milan;non;petit;dormant;2025-09-20;254;198;14;"festivals ; brasseries et bars";oui;oui;non;non
R1900;Sérigraphie du Lac Montpellier;sérigraphe;Montpellier;oui;petit;dormant;2025-07-03;333;324;5;"collectivités ; festivals";oui;oui;non;non
R1901;Atelier Ocre Genève;agence;Genève;oui;grand;actif;2026-05-29;3;1064;219;"festivals ; brasseries et bars";oui;oui;non;oui
R1902;Point Estuaire;brodeur;Clermont-Ferrand;non;petit;dormant;2026-01-23;129;410;28;"clubs sportifs ; entreprises";oui;oui;non;non
R1903;Agence Sarment;agence;Toulouse;non;moyen;actif;2026-05-26;6;809;85;"clubs sportifs ; brasseries et bars";oui;oui;non;non
R1904;Imprim'Boréal Clermont-Ferrand;sérigraphe;Clermont-Ferrand;non;petit;actif;2026-05-31;1;185;47;"festivals ; clubs sportifs";oui;oui;non;non
R1905;Studio Deux Rives Milan;sérigraphe;Milan;non;moyen;actif;2026-05-30;2;721;71;"clubs sportifs ; brasseries et bars";oui;oui;oui;non
R1906;Marquage Ubac Le Mans;sérigraphe;Le Mans;non;moyen;actif;2026-05-30;2;839;80;"clubs sportifs ; brasseries et bars";oui;oui;non;non
R1907;Broderie Calanque Bruxelles;brodeur;Bruxelles;non;petit;actif;2026-05-18;14;298;47;"entreprises ; collectivités";oui;non;non;non
R1908;Atelier Sarment Béziers;sérigraphe;Béziers;non;moyen;actif;2026-05-09;23;885;63;"collectivités ; brasseries et bars";oui;oui;non;non
R1909;Studio Vertigo Milan;agence;Milan;non;moyen;actif;2026-05-28;4;854;60;"brasseries et bars ; associations";oui;oui;non;non
R1910;Point Quai Albi;brodeur;Albi;non;moyen;actif;2026-05-23;9;487;74;"brasseries et bars ; collectivités";oui;oui;non;non
R1911;Sérigraphie Éclat Amiens;sérigraphe;Amiens;non;petit;dormant;2025-09-30;244;378;16;"brasseries et bars ; associations";oui;oui;non;non
R1912;Studio Basalte Le Mans;sérigraphe;Le Mans;non;petit;dormant;2025-09-06;268;310;20;"associations ; brasseries et bars";oui;oui;non;non
R1913;Studio Origami Le Mans;agence;Le Mans;non;petit;dormant;2025-07-04;332;168;4;"entreprises ; festivals";non;oui;non;non
R1914;Séri'Loire Barcelone;sérigraphe;Barcelone;non;moyen;dormant;2025-09-20;254;603;27;"collectivités ; festivals";oui;oui;non;non
R1915;Imprim'Horizon Albi;sérigraphe;Albi;non;petit;dormant;2026-02-20;101;235;25;"collectivités ; entreprises";oui;non;non;non
R1916;Imprim'Indigo Valence;sérigraphe;Valence;oui;moyen;actif;2026-05-29;3;485;75;"associations ; brasseries et bars";oui;oui;non;non
R1917;Studio Vauban Nîmes;sérigraphe;Nîmes;oui;petit;dormant;2026-03-24;69;300;43;"associations ; festivals";oui;oui;non;non
R1918;Maison Kaolin Nancy;brodeur;Nancy;non;petit;actif;2026-05-31;1;233;43;"festivals ; associations";oui;oui;non;non
R1919;Broderie Vermeil Barcelone;brodeur;Barcelone;non;moyen;actif;2026-05-27;5;931;109;"festivals ; collectivités";oui;oui;non;non
R1920;Atelier Nord Caen;sérigraphe;Caen;non;moyen;dormant;2025-07-25;311;631;14;"associations ; entreprises";oui;non;non;non
R1921;Atelier Pixel Quimper;agence;Quimper;non;petit;dormant;2025-08-14;291;167;5;"entreprises ; collectivités";non;non;non;non
R1922;Marquage Jonquille Albi;sérigraphe;Albi;non;petit;dormant;2026-02-28;93;230;27;"brasseries et bars ; festivals";oui;oui;non;non
R1923;Imprim'Hélice Albi;sérigraphe;Albi;non;petit;actif;2026-05-31;1;421;37;"brasseries et bars ; clubs sportifs";non;oui;non;non
R1924;Point Lumière Béziers;brodeur;Béziers;non;moyen;dormant;2025-12-09;174;596;49;"festivals ; entreprises";oui;oui;non;non
R1925;Broderie Ocre;brodeur;Mulhouse;non;petit;dormant;2025-08-25;280;350;19;"clubs sportifs ; brasseries et bars";oui;oui;non;non
R1926;Agence Cardinal Liège;agence;Liège;non;moyen;actif;2026-05-25;7;580;89;"entreprises ; associations";oui;non;non;non
R1927;Sérigraphie Nord Lyon;sérigraphe;Lyon;oui;petit;actif;2026-05-24;8;403;53;"entreprises ; collectivités";oui;non;non;non
R1928;Imprim'Horizon Marseille;sérigraphe;Marseille;oui;moyen;dormant;2025-07-28;308;678;9;"associations ; entreprises";oui;non;non;non
R1929;Atelier des Volcans Quimper;sérigraphe;Quimper;non;petit;dormant;2025-08-16;289;462;6;"clubs sportifs ; brasseries et bars";non;oui;non;non
R1930;Agence Granit La Rochelle;agence;La Rochelle;non;moyen;dormant;2025-08-20;285;848;26;"brasseries et bars ; entreprises";oui;oui;non;non
R1931;Maison Vauban La Rochelle;brodeur;La Rochelle;non;grand;dormant;2026-03-18;75;1297;147;"collectivités ; festivals";oui;oui;non;oui
R1932;Point Éclat Turin;brodeur;Turin;oui;petit;actif;2026-05-24;8;275;50;"entreprises ; brasseries et bars";oui;oui;non;non
R1933;Agence Jonquille Le Mans;agence;Le Mans;non;moyen;dormant;2026-02-28;93;622;62;"entreprises ; brasseries et bars";oui;oui;non;non
R1934;Brod'Vauban;brodeur;Vannes;non;petit;actif;2026-05-10;22;162;38;"collectivités ; festivals";oui;oui;non;non
R1935;Atelier Sud Lausanne;agence;Lausanne;oui;petit;actif;2026-05-28;4;356;52;"clubs sportifs ; associations";oui;oui;non;non
R1936;Print Basalte Besançon;imprimeur;Besançon;non;petit;actif;2026-05-20;12;381;50;"brasseries et bars ; associations";oui;oui;non;non
R1937;Séri'Origami Lille;sérigraphe;Lille;non;petit;actif;2026-05-31;1;385;58;"collectivités ; associations";oui;non;non;non
R1938;Atelier Lumière Caen;sérigraphe;Caen;non;petit;dormant;2025-12-09;174;340;18;"collectivités ; brasseries et bars";oui;oui;non;non
R1939;Imprim'Pastel Orléans;sérigraphe;Orléans;non;moyen;actif;2026-05-25;7;458;103;"associations ; collectivités";oui;non;non;non
R1940;Agence Vauban Grenoble;agence;Grenoble;oui;petit;dormant;2025-07-18;318;282;10;"clubs sportifs ; brasseries et bars";oui;oui;non;non
R1941;Studio Cyan Angers;sérigraphe;Angers;non;moyen;dormant;2025-11-28;185;771;46;"collectivités ; associations";oui;non;non;non
R1942;Broderie Pixel Rennes;brodeur;Rennes;non;petit;actif;2026-05-27;5;203;39;"brasseries et bars ; clubs sportifs";oui;oui;non;non
R1943;Brod'Garonne Bordeaux;brodeur;Bordeaux;non;petit;actif;2026-05-27;5;317;53;"entreprises ; associations";oui;non;non;non
R1944;Collectif Nord Quimper;agence;Quimper;non;petit;dormant;2025-11-22;191;355;24;"brasseries et bars ; collectivités";oui;oui;non;non
R1945;Point Loire;brodeur;Bordeaux;non;moyen;dormant;2025-08-23;282;975;21;"collectivités ; associations";oui;non;non;non
R1946;Agence Jonquille Milan;agence;Milan;non;petit;actif;2026-05-31;1;398;59;"festivals ; brasseries et bars";oui;oui;non;non
R1947;Studio Cap Ouest Brest;agence;Brest;non;petit;actif;2026-05-28;4;307;30;"festivals ; clubs sportifs";oui;oui;non;non
R1948;Atelier Alizé Mulhouse;sérigraphe;Mulhouse;non;petit;dormant;2026-01-23;129;385;33;"collectivités ; festivals";oui;oui;non;non
R1949;Séri'Ricochet Le Mans;sérigraphe;Le Mans;non;petit;dormant;2025-08-13;292;180;9;"clubs sportifs ; collectivités";oui;oui;non;non
R1950;Agence Vermeil Lille;agence;Lille;non;moyen;actif;2026-05-30;2;796;65;"associations ; clubs sportifs";oui;oui;non;non
R1951;Marquage Calanque Saint-Étienne;sérigraphe;Saint-Étienne;oui;petit;actif;2026-05-31;1;183;51;"associations ; entreprises";oui;non;non;non
R1952;Atelier Vertigo Nancy;sérigraphe;Nancy;non;moyen;actif;2026-05-28;4;698;111;"festivals ; associations";oui;oui;non;non
R1953;Sérigraphie Vermeil Bordeaux;sérigraphe;Bordeaux;non;moyen;actif;2026-05-30;2;698;119;"entreprises ; collectivités";oui;non;non;non
R1954;Point Ricochet Strasbourg;brodeur;Strasbourg;non;moyen;actif;2026-05-24;8;662;97;"festivals ; associations";oui;oui;non;non
R1955;Broderie Zinc Bilbao;brodeur;Bilbao;non;moyen;actif;2026-05-27;5;849;106;"entreprises ; brasseries et bars";oui;oui;non;non
R1956;Textiprint du Lac;imprimeur;Le Mans;non;petit;dormant;2026-03-08;85;398;27;"brasseries et bars ; entreprises";non;oui;non;non
R1957;Atelier Alizé Clermont-Ferrand;sérigraphe;Clermont-Ferrand;non;petit;dormant;2026-01-30;122;219;24;"festivals ; clubs sportifs";oui;oui;non;non
R1958;Collectif Éclat Avignon;agence;Avignon;oui;petit;dormant;2025-09-23;251;249;13;"clubs sportifs ; associations";oui;oui;non;non
R1959;Maison Horizon;brodeur;Avignon;oui;petit;dormant;2025-09-28;246;227;18;"collectivités ; brasseries et bars";oui;oui;non;non
R1960;Sérigraphie Cardinal Liège;sérigraphe;Liège;non;petit;dormant;2025-10-01;243;285;16;"festivals ; associations";oui;oui;non;non
R1961;Brod'Indigo Liège;brodeur;Liège;non;moyen;actif;2026-05-31;1;823;88;"collectivités ; festivals";oui;oui;non;non
R1962;Broderie Bleu Marine Albi;brodeur;Albi;non;moyen;dormant;2025-09-06;268;554;26;"festivals ; associations";oui;oui;non;non
R1963;Collectif Cardinal;agence;Orléans;non;moyen;dormant;2026-02-09;112;663;52;"entreprises ; associations";oui;non;non;non
R1964;Atelier Zinc Albi;agence;Albi;non;moyen;actif;2026-05-27;5;493;116;"entreprises ; festivals";oui;oui;non;non
R1965;Atelier Ardoise Lyon;brodeur;Lyon;oui;petit;actif;2026-05-31;1;295;49;"festivals ; collectivités";oui;oui;non;non
R1966;Point Quai Liège;brodeur;Liège;non;moyen;dormant;2026-01-01;151;592;44;"associations ; collectivités";oui;non;non;non
R1967;Studio Mistral Toulouse;agence;Toulouse;non;petit;dormant;2025-09-21;253;207;15;"brasseries et bars ; collectivités";oui;oui;non;non
R1968;Textiprint Ubac Brest;imprimeur;Brest;non;petit;actif;2026-05-19;13;206;37;"clubs sportifs ; entreprises";non;oui;non;non
R1969;Marquage Lumière Genève;sérigraphe;Genève;oui;petit;dormant;2025-11-21;192;352;18;"collectivités ; festivals";non;oui;non;non
R1970;Séri'Cap Ouest Lausanne;sérigraphe;Lausanne;oui;petit;dormant;2025-11-25;188;257;25;"clubs sportifs ; collectivités";oui;oui;non;non
R1971;Imprimerie Solstice Dijon;imprimeur;Dijon;non;petit;actif;2026-05-05;27;326;48;"entreprises ; associations";oui;non;non;non
R1972;Atelier Pixel Le Mans;agence;Le Mans;non;grand;actif;2026-05-28;4;1527;199;"entreprises ; brasseries et bars";oui;oui;non;oui
R1973;Textiprint Basalte Nîmes;imprimeur;Nîmes;oui;moyen;dormant;2025-12-22;161;881;69;"festivals ; clubs sportifs";oui;oui;non;non
R1974;Broderie du Lac Valence;brodeur;Valence;oui;petit;dormant;2025-08-09;296;347;12;"clubs sportifs ; collectivités";oui;oui;non;non
R1975;Atelier Trait d'Union Dijon;agence;Dijon;non;petit;actif;2026-05-30;2;433;32;"brasseries et bars ; collectivités";non;oui;non;non
R1976;Atelier Quai Montpellier;sérigraphe;Montpellier;oui;petit;actif;2026-05-16;16;312;45;"associations ; festivals";oui;oui;non;non
R1977;Studio Sud Lyon;agence;Lyon;oui;petit;dormant;2025-10-31;213;183;17;"entreprises ; associations";oui;non;non;non
R1978;Studio Rhône Liège;sérigraphe;Liège;non;petit;actif;2026-05-21;11;262;31;"entreprises ; festivals";oui;oui;non;non
R1979;Studio Loire Brest;agence;Brest;non;petit;actif;2026-05-27;5;368;43;"clubs sportifs ; associations";oui;oui;non;non
R1980;Atelier des Volcans Angers;agence;Angers;non;moyen;actif;2026-05-18;14;721;83;"brasseries et bars ; clubs sportifs";oui;oui;non;non
R1981;Agence Granit Marseille;agence;Marseille;oui;petit;dormant;2025-10-04;240;172;15;"brasseries et bars ; entreprises";oui;oui;non;non
R1982;Atelier Granit Luxembourg;agence;Luxembourg;non;moyen;actif;2026-05-30;2;707;76;"associations ; entreprises";oui;non;non;non
R1983;Marquage Grand Angle Marseille;sérigraphe;Marseille;oui;petit;actif;2026-05-03;29;263;60;"associations ; collectivités";oui;non;non;non
R1984;Sérigraphie Vermeil Valence;sérigraphe;Valence;oui;grand;actif;2026-05-31;1;1452;201;"festivals ; brasseries et bars";oui;oui;non;oui
R1985;Collectif Estuaire Mulhouse;agence;Mulhouse;non;petit;dormant;2026-03-16;77;264;29;"collectivités ; festivals";non;oui;non;non
R1986;Marquage Bleu Marine La Rochelle;sérigraphe;La Rochelle;non;petit;actif;2026-05-25;7;248;53;"collectivités ; associations";oui;non;oui;non
R1987;Studio Granit Namur;sérigraphe;Namur;non;moyen;actif;2026-05-25;7;557;119;"brasseries et bars ; festivals";oui;oui;non;non
R1988;Studio Vertigo Turin;agence;Turin;oui;petit;actif;2026-05-28;4;423;52;"festivals ; brasseries et bars";oui;oui;non;non
R1989;Studio Tandem Béziers;agence;Béziers;non;moyen;dormant;2025-11-16;197;502;50;"festivals ; brasseries et bars";oui;oui;non;non
R1990;Collectif Nord Bruxelles;agence;Bruxelles;non;moyen;actif;2026-05-27;5;679;97;"clubs sportifs ; festivals";oui;oui;non;non
R1991;Imprim'Ricochet Reims;sérigraphe;Reims;non;petit;dormant;2025-11-01;212;360;14;"festivals ; clubs sportifs";oui;oui;non;non
R1992;Atelier Trait d'Union Metz;sérigraphe;Metz;non;moyen;actif;2026-05-28;4;638;76;"brasseries et bars ; associations";oui;oui;non;non
R1993;Agence Vermeil Liège;agence;Liège;non;petit;actif;2026-05-27;5;208;35;"collectivités ; brasseries et bars";oui;oui;non;non
R1994;Agence Amarante Troyes;agence;Troyes;non;moyen;dormant;2025-08-08;297;922;24;"associations ; festivals";oui;oui;non;non
R1995;Imprim'Sarment Valence;sérigraphe;Valence;oui;moyen;dormant;2025-12-04;179;831;37;"festivals ; collectivités";oui;oui;non;non
R1996;Imprim'Loire Vannes;sérigraphe;Vannes;non;grand;dormant;2025-07-06;330;1310;17;"collectivités ; clubs sportifs";oui;oui;non;non
R1997;Les Fils d'Deux Rives;brodeur;Besançon;non;petit;dormant;2025-11-16;197;345;20;"festivals ; brasseries et bars";oui;oui;non;non
R1998;Imprim'Mistral Saint-Étienne;sérigraphe;Saint-Étienne;oui;moyen;dormant;2025-09-01;273;592;17;"associations ; entreprises";oui;non;non;non
R1999;Impression Origami;imprimeur;Pau;non;petit;actif;2026-05-20;12;172;30;"entreprises ; festivals";oui;oui;non;non
R2000;Textiprint Lumière Namur;imprimeur;Namur;non;moyen;dormant;2026-01-18;134;461;51;"festivals ; associations";oui;oui;non;non
R2001;Agence Estuaire;agence;Saint-Étienne;oui;grand;dormant;2025-12-09;174;1358;74;"festivals ; brasseries et bars";oui;oui;non;oui
R2002;Marquage Quai Amiens;sérigraphe;Amiens;non;moyen;dormant;2025-10-28;216;488;44;"clubs sportifs ; associations";oui;oui;non;non
R2003;Studio Bleu Marine Quimper;agence;Quimper;non;petit;dormant;2025-08-05;300;171;7;"associations ; brasseries et bars";non;oui;non;non
R2004;Imprimerie Bleu Marine Saint-Étienne;imprimeur;Saint-Étienne;oui;petit;dormant;2026-03-10;83;407;31;"festivals ; entreprises";oui;oui;non;non
R2005;Atelier Loire Poitiers;brodeur;Poitiers;non;petit;dormant;2025-10-29;215;451;16;"entreprises ; festivals";oui;oui;non;non
R2006;Studio Boréal Strasbourg;agence;Strasbourg;non;petit;actif;2026-05-23;9;303;31;"clubs sportifs ; collectivités";oui;oui;non;non
R2007;Collectif Nord Bilbao;agence;Bilbao;non;petit;actif;2026-05-19;13;294;48;"festivals ; associations";oui;oui;non;non
R2008;Studio Bleu Marine Turin;agence;Turin;oui;petit;dormant;2026-03-01;92;242;28;"collectivités ; entreprises";oui;non;non;non
R2009;Agence Éclat Reims;agence;Reims;non;petit;actif;2026-05-30;2;246;38;"associations ; festivals";oui;oui;non;non
R2010;Imprimerie Ricochet;imprimeur;Lille;non;petit;actif;2026-05-30;2;293;49;"entreprises ; clubs sportifs";oui;oui;non;non
R2011;Imprimerie Trait d'Union Perpignan;imprimeur;Perpignan;non;petit;dormant;2025-07-25;311;396;8;"clubs sportifs ; brasseries et bars";oui;oui;non;non
R2012;Atelier Atlantique Chambéry;sérigraphe;Chambéry;oui;petit;actif;2026-05-25;7;316;47;"associations ; entreprises";oui;non;non;non
R2013;Studio Nord Bruxelles;sérigraphe;Bruxelles;non;petit;dormant;2025-08-31;274;257;9;"entreprises ; festivals";oui;oui;non;non
R2014;Print Granit;imprimeur;Nîmes;oui;petit;actif;2026-05-30;2;245;60;"festivals ; clubs sportifs";oui;oui;non;non
R2015;Brod'Vermeil Reims;brodeur;Reims;non;petit;actif;2026-05-18;14;401;36;"collectivités ; associations";oui;non;non;non
R2016;Les Fils d'Basalte Troyes;brodeur;Troyes;non;petit;dormant;2025-11-04;209;414;16;"brasseries et bars ; associations";oui;oui;non;non
R2017;Imprim'Éclat Toulouse;sérigraphe;Toulouse;non;moyen;dormant;2025-10-04;240;494;34;"entreprises ; festivals";oui;oui;non;non
R2018;Atelier Pixel Arras;brodeur;Arras;non;moyen;dormant;2025-09-15;259;722;23;"brasseries et bars ; clubs sportifs";oui;oui;oui;non
R2019;Atelier Origami Le Mans;agence;Le Mans;non;petit;dormant;2025-06-30;336;346;5;"associations ; entreprises";oui;non;non;non
R2020;Studio Atlantique Lille;agence;Lille;non;petit;actif;2026-05-28;4;161;47;"associations ; entreprises";oui;non;non;non
R2021;Marquage Pixel Tours;sérigraphe;Tours;non;grand;dormant;2025-12-07;176;1205;110;"brasseries et bars ; festivals";oui;oui;non;oui
R2022;Atelier Éclat Poitiers;sérigraphe;Poitiers;non;petit;actif;2026-05-28;4;160;50;"clubs sportifs ; entreprises";oui;oui;non;non
R2023;Séri'Garonne Reims;sérigraphe;Reims;non;petit;actif;2026-05-30;2;174;45;"collectivités ; entreprises";oui;non;non;non
R2024;Les Fils d'Rhône;brodeur;Saint-Étienne;oui;moyen;actif;2026-05-29;3;636;110;"associations ; entreprises";oui;non;non;non
R2025;Atelier Ubac Turin;agence;Turin;oui;petit;actif;2026-05-14;18;396;40;"collectivités ; clubs sportifs";oui;oui;non;non
R2026;Maison Rhône Strasbourg;brodeur;Strasbourg;non;petit;dormant;2025-11-14;199;178;21;"brasseries et bars ; clubs sportifs";oui;oui;non;non
R2027;Studio Rhône Dijon;sérigraphe;Dijon;non;moyen;actif;2026-05-23;9;741;104;"collectivités ; associations";oui;non;non;non
R2028;Brod'Alizé;brodeur;Bordeaux;non;petit;dormant;2025-11-11;202;166;24;"clubs sportifs ; entreprises";oui;oui;non;non
R2029;Atelier Calanque Nîmes;agence;Nîmes;oui;petit;actif;2026-05-25;7;211;34;"associations ; entreprises";oui;non;non;non
R2030;Atelier Vermeil Arras;agence;Arras;non;petit;dormant;2025-08-02;303;283;6;"brasseries et bars ; associations";oui;oui;non;non
R2031;Sérigraphie Nacre Pau;sérigraphe;Pau;non;petit;actif;2026-05-23;9;360;33;"collectivités ; associations";oui;non;non;non
R2032;Atelier Zinc Perpignan;agence;Perpignan;non;petit;dormant;2025-12-03;180;180;23;"collectivités ; festivals";oui;oui;non;non
R2033;Collectif Bleu Marine Angers;agence;Angers;non;petit;actif;2026-05-05;27;228;42;"festivals ; associations";oui;oui;non;non
R2034;Studio Cyan Poitiers;agence;Poitiers;non;petit;dormant;2026-01-13;139;231;27;"festivals ; associations";oui;oui;non;non
R2035;Atelier Rhône Rouen;sérigraphe;Rouen;non;moyen;dormant;2025-08-19;286;670;16;"clubs sportifs ; collectivités";oui;oui;non;non
R2036;Sérigraphie Trait d'Union Angers;sérigraphe;Angers;non;grand;actif;2026-05-31;1;1483;230;"brasseries et bars ; festivals";oui;oui;non;oui
R2037;Studio des Volcans Turin;sérigraphe;Turin;oui;grand;actif;2026-05-30;2;1254;206;"entreprises ; clubs sportifs";oui;oui;non;oui
R2038;Séri'Bleu Marine Strasbourg;sérigraphe;Strasbourg;non;moyen;dormant;2025-09-28;246;762;44;"festivals ; brasseries et bars";oui;oui;non;non
R2039;Séri'Ypréau Nîmes;sérigraphe;Nîmes;oui;petit;dormant;2026-03-09;84;284;29;"entreprises ; festivals";oui;oui;non;non
R2040;Les Fils d'Zinc;brodeur;Bayonne;non;moyen;actif;2026-05-25;7;509;113;"entreprises ; clubs sportifs";oui;oui;non;non
R2041;Broderie Basalte Reims;brodeur;Reims;non;petit;dormant;2025-11-30;183;247;21;"clubs sportifs ; entreprises";oui;oui;non;non
R2042;Studio Calanque Lyon;agence;Lyon;oui;petit;actif;2026-05-23;9;202;46;"brasseries et bars ; entreprises";oui;oui;non;non
R2043;Point Cyan Béziers;brodeur;Béziers;non;petit;actif;2026-05-31;1;387;46;"clubs sportifs ; festivals";oui;oui;non;non
R2044;Imprim'Ocre Liège;sérigraphe;Liège;non;moyen;dormant;2026-03-22;71;705;76;"entreprises ; festivals";oui;oui;non;non
R2045;Textiprint Zénith;imprimeur;Genève;oui;petit;actif;2026-05-16;16;200;36;"festivals ; collectivités";oui;oui;non;non
R2046;Impression Deux Rives Chambéry;imprimeur;Chambéry;oui;moyen;dormant;2025-09-14;260;644;27;"associations ; clubs sportifs";oui;oui;non;non
R2047;Séri'Rhône Luxembourg;sérigraphe;Luxembourg;non;petit;actif;2026-05-17;15;248;50;"brasseries et bars ; entreprises";oui;oui;oui;non
R2048;Séri'Ardoise Nîmes;sérigraphe;Nîmes;oui;petit;actif;2026-05-25;7;372;39;"associations ; entreprises";oui;non;non;non
R2049;Collectif Nord Annecy;agence;Annecy;oui;petit;dormant;2025-12-12;171;161;26;"clubs sportifs ; associations";oui;oui;non;non
R2050;Les Fils d'Indigo Clermont-Ferrand;brodeur;Clermont-Ferrand;non;petit;actif;2026-05-30;2;314;60;"entreprises ; brasseries et bars";oui;oui;non;non
R2051;Studio Sarment Montpellier;agence;Montpellier;oui;grand;actif;2026-05-31;1;2026;185;"clubs sportifs ; festivals";oui;oui;non;oui
R2052;Maison Jonquille Dijon;brodeur;Dijon;non;moyen;dormant;2025-09-09;265;718;25;"entreprises ; clubs sportifs";oui;oui;non;non
R2053;Point Zinc Annecy;brodeur;Annecy;oui;moyen;dormant;2025-09-01;273;915;30;"clubs sportifs ; festivals";oui;oui;non;non
R2054;Broderie Lumière Pau;brodeur;Pau;non;moyen;actif;2026-05-17;15;899;64;"associations ; clubs sportifs";oui;oui;non;non
R2055;Atelier Jonquille La Rochelle;sérigraphe;La Rochelle;non;grand;actif;2026-05-31;1;1065;163;"associations ; entreprises";oui;non;non;non
R2056;Imprimerie Nord;imprimeur;Barcelone;non;moyen;dormant;2026-02-23;98;625;93;"entreprises ; clubs sportifs";oui;oui;non;non
R2057;Marquage Perspective Poitiers;sérigraphe;Poitiers;non;petit;actif;2026-05-26;6;334;44;"clubs sportifs ; collectivités";oui;oui;non;non
R2058;Atelier Zénith Reims;sérigraphe;Reims;non;moyen;dormant;2026-01-25;127;716;61;"associations ; brasseries et bars";oui;oui;non;non
R2059;Broderie Cardinal Nancy;brodeur;Nancy;non;petit;actif;2026-05-11;21;320;60;"festivals ; clubs sportifs";oui;oui;non;non
R2060;Studio Ypréau Perpignan;sérigraphe;Perpignan;non;petit;actif;2026-05-24;8;178;30;"clubs sportifs ; brasseries et bars";oui;oui;non;non
R2061;Sérigraphie Trait d'Union Quimper;sérigraphe;Quimper;non;petit;dormant;2025-12-16;167;162;20;"associations ; entreprises";oui;non;non;non
R2062;Imprim'Mistral Perpignan;sérigraphe;Perpignan;non;moyen;actif;2026-05-13;19;407;60;"collectivités ; associations";oui;non;non;non
R2063;Broderie Hélice Toulouse;brodeur;Toulouse;non;moyen;actif;2026-05-22;10;477;80;"entreprises ; clubs sportifs";oui;oui;non;non
R2064;Atelier Faubourg Nancy;agence;Nancy;non;petit;actif;2026-05-18;14;334;51;"associations ; entreprises";oui;non;non;non
R2065;Imprim'Lumière Béziers;sérigraphe;Béziers;non;moyen;actif;2026-05-23;9;746;97;"associations ; clubs sportifs";oui;oui;non;non
R2066;Marquage Cap Ouest Nancy;sérigraphe;Nancy;non;grand;actif;2026-05-30;2;2169;214;"associations ; festivals";oui;oui;non;oui
R2067;Point Atlantique Bilbao;brodeur;Bilbao;non;petit;dormant;2026-02-26;95;343;33;"associations ; entreprises";oui;non;non;non
R2068;Atelier Jonquille Tours;sérigraphe;Tours;non;petit;actif;2026-05-28;4;344;59;"festivals ; associations";oui;oui;non;non
R2069;Sérigraphie Lumière Turin;sérigraphe;Turin;oui;petit;dormant;2025-11-07;206;314;18;"associations ; brasseries et bars";oui;oui;non;non
R2070;Agence Horizon Reims;agence;Reims;non;petit;actif;2026-05-16;16;243;36;"collectivités ; festivals";oui;oui;non;non
R2071;Séri'Vertigo Béziers;sérigraphe;Béziers;non;petit;actif;2026-05-26;6;203;56;"associations ; festivals";oui;oui;non;non
R2072;Studio Quai Strasbourg;agence;Strasbourg;non;moyen;actif;2026-05-30;2;670;108;"entreprises ; associations";oui;non;non;non
R2073;Les Fils d'Granit;brodeur;Dijon;non;moyen;dormant;2025-10-11;233;509;27;"brasseries et bars ; festivals";oui;oui;non;non
R2074;Imprim'Cardinal Quimper;sérigraphe;Quimper;non;moyen;actif;2026-05-30;2;804;88;"festivals ; clubs sportifs";oui;oui;non;non
R2075;Imprimerie Origami Nancy;imprimeur;Nancy;non;petit;actif;2026-05-31;1;339;52;"clubs sportifs ; collectivités";oui;oui;non;non
R2076;Séri'Sarment Niort;sérigraphe;Niort;non;petit;dormant;2025-08-27;278;420;9;"entreprises ; associations";oui;non;non;non
R2077;Impression Nord;imprimeur;Angers;non;petit;dormant;2026-02-07;114;380;39;"festivals ; collectivités";oui;oui;non;non
R2078;Marquage Alizé Montpellier;sérigraphe;Montpellier;oui;petit;actif;2026-05-31;1;285;51;"festivals ; entreprises";oui;oui;non;non
R2079;Studio Origami Nancy;agence;Nancy;non;grand;actif;2026-05-28;4;1711;209;"collectivités ; entreprises";oui;non;non;non
R2080;Sérigraphie Horizon Metz;sérigraphe;Metz;non;moyen;actif;2026-05-30;2;841;116;"associations ; clubs sportifs";oui;oui;non;non
R2081;Studio Atlantique Bordeaux;sérigraphe;Bordeaux;non;petit;actif;2026-05-26;6;235;38;"associations ; brasseries et bars";oui;oui;non;non
R2082;Studio Alizé Luxembourg;sérigraphe;Luxembourg;non;moyen;actif;2026-05-29;3;867;94;"associations ; collectivités";oui;non;non;non
R2083;Séri'Hélice Nancy;sérigraphe;Nancy;non;petit;actif;2026-05-18;14;266;37;"collectivités ; clubs sportifs";non;oui;non;non
R2084;Séri'Vertigo Tours;sérigraphe;Tours;non;moyen;dormant;2025-07-13;323;716;12;"associations ; collectivités";oui;non;non;non
R2085;Brod'des Volcans;brodeur;Bruxelles;non;moyen;dormant;2026-03-21;72;938;86;"clubs sportifs ; brasseries et bars";oui;oui;non;non
R2086;Atelier Sud Metz;sérigraphe;Metz;non;moyen;actif;2026-05-30;2;803;111;"collectivités ; festivals";oui;oui;non;non
R2087;Séri'Kaolin Genève;sérigraphe;Genève;oui;grand;dormant;2026-03-02;91;1582;118;"festivals ; entreprises";oui;oui;non;oui
R2088;Atelier Jonquille Caen;agence;Caen;non;petit;dormant;2025-09-08;266;207;17;"brasseries et bars ; entreprises";oui;oui;non;non
R2089;Agence Hélice;agence;Nancy;non;petit;dormant;2025-08-01;304;225;13;"festivals ; entreprises";oui;oui;non;non
R2090;Les Fils d'Nacre Strasbourg;brodeur;Strasbourg;non;grand;actif;2026-05-30;2;1368;122;"clubs sportifs ; entreprises";oui;oui;non;oui
R2091;Atelier Granit Niort;agence;Niort;non;petit;dormant;2025-08-02;303;384;12;"festivals ; entreprises";oui;oui;non;non
R2092;Atelier Pastel Besançon;sérigraphe;Besançon;non;moyen;dormant;2025-09-24;250;710;34;"clubs sportifs ; brasseries et bars";oui;oui;non;non
R2093;Séri'Éclat Toulouse;sérigraphe;Toulouse;non;moyen;actif;2026-05-31;1;635;101;"festivals ; collectivités";oui;oui;non;non
R2094;Brod'Zénith;brodeur;Caen;non;petit;actif;2026-05-31;1;287;59;"associations ; clubs sportifs";oui;oui;non;non
R2095;Brod'Ocre Milan;brodeur;Milan;non;moyen;actif;2026-05-31;1;628;92;"clubs sportifs ; associations";oui;oui;non;non
R2096;Collectif Bleu Marine Arras;agence;Arras;non;moyen;actif;2026-05-20;12;815;97;"clubs sportifs ; brasseries et bars";oui;oui;non;non
R2097;Imprim'Origami Metz;sérigraphe;Metz;non;moyen;actif;2026-05-31;1;867;94;"festivals ; brasseries et bars";oui;oui;non;non
R2098;Séri'Vauban Bilbao;sérigraphe;Bilbao;non;moyen;actif;2026-05-17;15;549;75;"collectivités ; clubs sportifs";oui;oui;oui;non
R2099;Marquage Sarment Brest;sérigraphe;Brest;non;moyen;dormant;2025-08-13;292;444;22;"associations ; brasseries et bars";oui;oui;non;non
R2100;Point Mistral Clermont-Ferrand;brodeur;Clermont-Ferrand;non;petit;dormant;2025-10-18;226;236;17;"collectivités ; festivals";oui;oui;non;non
R2101;Broderie Sud Rennes;brodeur;Rennes;non;petit;dormant;2026-02-20;101;408;33;"associations ; collectivités";oui;non;non;non
R2102;Marquage Grand Angle Montpellier;sérigraphe;Montpellier;oui;petit;dormant;2025-11-08;205;210;11;"festivals ; brasseries et bars";oui;oui;non;non
R2103;Studio Ubac Valence;agence;Valence;oui;petit;dormant;2025-10-11;233;179;20;"collectivités ; brasseries et bars";oui;oui;non;non
R2104;Séri'Basalte Nancy;sérigraphe;Nancy;non;petit;dormant;2025-12-23;160;301;29;"associations ; festivals";oui;oui;non;non
R2105;Atelier Boréal Reims;sérigraphe;Reims;non;petit;dormant;2025-10-31;213;200;22;"entreprises ; brasseries et bars";oui;oui;non;non
R2106;Agence Horizon Nîmes;agence;Nîmes;oui;grand;actif;2026-05-24;8;1353;179;"clubs sportifs ; collectivités";oui;oui;non;oui
R2107;Atelier Alizé Barcelone;sérigraphe;Barcelone;non;petit;dormant;2026-01-13;139;255;37;"associations ; collectivités";oui;non;oui;non
R2108;Agence Kaolin Bilbao;agence;Bilbao;non;moyen;actif;2026-05-31;1;682;68;"brasseries et bars ; entreprises";oui;oui;non;non
R2109;Atelier Amarante Grenoble;agence;Grenoble;oui;moyen;actif;2026-05-23;9;881;95;"clubs sportifs ; entreprises";oui;oui;non;non
R2110;Brod'Sud Tours;brodeur;Tours;non;petit;dormant;2025-11-17;196;255;23;"brasseries et bars ; clubs sportifs";oui;oui;non;non
R2111;Séri'Vermeil Albi;sérigraphe;Albi;non;petit;dormant;2025-07-20;316;317;7;"festivals ; collectivités";oui;oui;non;non
R2112;Studio Grand Angle Bayonne;agence;Bayonne;non;moyen;dormant;2026-02-15;106;735;39;"brasseries et bars ; festivals";oui;oui;non;non
R2113;Les Fils d'Ubac;brodeur;Genève;oui;petit;dormant;2025-12-01;182;358;19;"entreprises ; clubs sportifs";non;oui;non;non
R2114;Point Basalte Liège;brodeur;Liège;non;moyen;actif;2026-05-29;3;510;74;"brasseries et bars ; clubs sportifs";oui;oui;non;non
R2115;Imprim'Ubac Reims;sérigraphe;Reims;non;petit;actif;2026-05-26;6;304;42;"collectivités ; brasseries et bars";oui;oui;non;non
R2116;Imprimerie Trait d'Union;imprimeur;Clermont-Ferrand;non;petit;dormant;2025-12-14;169;267;23;"brasseries et bars ; associations";oui;oui;non;non
R2117;Atelier Grand Angle Poitiers;brodeur;Poitiers;non;moyen;actif;2026-05-31;1;631;82;"collectivités ; entreprises";oui;non;non;non
R2118;Textiprint Cap Ouest Annecy;imprimeur;Annecy;oui;moyen;dormant;2025-08-29;276;848;28;"brasseries et bars ; festivals";oui;oui;non;non
R2119;Collectif Boréal Orléans;agence;Orléans;non;moyen;actif;2026-05-31;1;437;83;"brasseries et bars ; entreprises";oui;oui;non;non
R2120;Broderie Boréal;brodeur;Vannes;non;petit;actif;2026-05-22;10;287;55;"collectivités ; entreprises";oui;non;non;non
R2121;Marquage Estuaire Amiens;sérigraphe;Amiens;non;moyen;actif;2026-05-22;10;460;76;"brasseries et bars ; entreprises";oui;oui;non;non
R2122;Sérigraphie Boréal Caen;sérigraphe;Caen;non;grand;actif;2026-05-30;2;2156;167;"clubs sportifs ; associations";oui;oui;non;oui
R2123;Impression Éclat;imprimeur;Lausanne;oui;grand;dormant;2025-09-08;266;1527;46;"brasseries et bars ; collectivités";oui;oui;non;non
R2124;Atelier des Volcans Béziers;agence;Béziers;non;petit;dormant;2025-08-25;280;175;17;"collectivités ; brasseries et bars";oui;oui;non;non
R2125;Les Fils d'Quai;brodeur;La Rochelle;non;petit;dormant;2025-11-17;196;376;31;"clubs sportifs ; associations";oui;oui;non;non
R2126;Imprim'Zénith Vannes;sérigraphe;Vannes;non;petit;dormant;2026-03-20;73;180;31;"festivals ; entreprises";oui;oui;non;non
R2127;Maison Cardinal Tours;brodeur;Tours;non;grand;actif;2026-05-29;3;1320;121;"associations ; clubs sportifs";oui;oui;non;oui
R2128;Atelier Granit Valence;sérigraphe;Valence;oui;petit;dormant;2025-11-09;204;187;21;"associations ; entreprises";oui;non;non;non
R2129;Les Fils d'Ocre Liège;brodeur;Liège;non;petit;dormant;2025-08-30;275;354;9;"clubs sportifs ; collectivités";oui;oui;non;non
R2130;Imprimerie Calanque Orléans;imprimeur;Orléans;non;petit;dormant;2025-10-10;234;156;22;"associations ; entreprises";oui;non;non;non
R2131;Textiprint Pixel Saint-Étienne;imprimeur;Saint-Étienne;oui;grand;actif;2026-05-31;1;994;219;"entreprises ; associations";oui;non;non;non
R2132;Studio Ardoise Pau;sérigraphe;Pau;non;grand;dormant;2025-07-10;326;2065;27;"collectivités ; clubs sportifs";oui;oui;oui;non
R2133;Broderie Sud Montpellier;brodeur;Montpellier;oui;petit;dormant;2025-12-15;168;407;29;"entreprises ; associations";oui;non;non;non
R2134;Marquage Mistral Bayonne;sérigraphe;Bayonne;non;petit;dormant;2025-07-17;319;192;6;"collectivités ; clubs sportifs";oui;oui;non;non
R2135;Brod'Vertigo Troyes;brodeur;Troyes;non;moyen;actif;2026-05-28;4;775;95;"clubs sportifs ; associations";oui;oui;non;non
R2136;Studio Zinc Marseille;sérigraphe;Marseille;oui;petit;dormant;2025-11-02;211;208;21;"collectivités ; clubs sportifs";oui;oui;non;non
R2137;Impression Loire;imprimeur;Béziers;non;petit;dormant;2026-03-04;89;184;42;"brasseries et bars ; entreprises";oui;oui;non;non
R2138;Broderie Calanque Limoges;brodeur;Limoges;non;moyen;actif;2026-05-25;7;593;72;"collectivités ; festivals";oui;oui;non;non
R2139;Impression Estuaire Barcelone;imprimeur;Barcelone;non;moyen;dormant;2026-02-21;100;518;64;"collectivités ; entreprises";oui;non;non;non
R2140;Atelier Ubac Rouen;brodeur;Rouen;non;petit;actif;2026-05-30;2;417;40;"clubs sportifs ; entreprises";oui;oui;non;non
R2141;Studio Nord La Rochelle;agence;La Rochelle;non;grand;dormant;2026-01-24;128;966;116;"associations ; festivals";oui;oui;non;oui
R2142;Maison Grand Angle Turin;brodeur;Turin;oui;petit;dormant;2025-10-08;236;398;14;"associations ; collectivités";oui;non;non;non
R2143;Collectif Ubac Angers;agence;Angers;non;petit;actif;2026-05-28;4;290;53;"entreprises ; brasseries et bars";oui;oui;non;non
R2144;Séri'Indigo Troyes;sérigraphe;Troyes;non;moyen;actif;2026-05-31;1;447;109;"clubs sportifs ; festivals";oui;oui;non;non
R2145;Broderie Atlantique Pau;brodeur;Pau;non;petit;dormant;2026-03-11;82;208;30;"associations ; collectivités";oui;non;non;non
R2146;Collectif Solstice Poitiers;agence;Poitiers;non;grand;actif;2026-05-27;5;1205;244;"brasseries et bars ; festivals";oui;oui;non;oui
R2147;Agence Bleu Marine Bordeaux;agence;Bordeaux;non;petit;actif;2026-05-31;1;367;59;"associations ; entreprises";oui;non;non;non
R2148;Textiprint Ricochet;imprimeur;Bruxelles;non;petit;actif;2026-05-29;3;394;34;"brasseries et bars ; festivals";oui;oui;non;non
R2149;Studio du Lac Valence;sérigraphe;Valence;oui;moyen;actif;2026-05-27;5;936;60;"brasseries et bars ; collectivités";oui;oui;non;non
R2150;Collectif Éclat Béziers;agence;Béziers;non;petit;actif;2026-05-26;6;413;41;"brasseries et bars ; clubs sportifs";oui;oui;non;non
R2151;Sérigraphie Sud Vannes;sérigraphe;Vannes;non;moyen;actif;2026-05-29;3;638;88;"associations ; collectivités";oui;non;non;non
R2152;Atelier Grand Angle Amiens;agence;Amiens;non;moyen;actif;2026-05-29;3;818;72;"brasseries et bars ; entreprises";oui;oui;non;non
R2153;Studio Jonquille Perpignan;sérigraphe;Perpignan;non;petit;actif;2026-05-22;10;203;60;"brasseries et bars ; collectivités";oui;oui;non;non
R2154;Atelier Deux Rives Saint-Étienne;sérigraphe;Saint-Étienne;oui;moyen;dormant;2025-12-09;174;772;34;"collectivités ; clubs sportifs";oui;oui;non;non
R2155;Broderie Vermeil Poitiers;brodeur;Poitiers;non;petit;dormant;2025-12-21;162;369;31;"clubs sportifs ; associations";oui;oui;non;non
R2156;Broderie Ubac;brodeur;Lille;non;moyen;actif;2026-05-29;3;847;72;"festivals ; brasseries et bars";oui;oui;non;non
R2157;Studio Sud Brest;agence;Brest;non;petit;actif;2026-05-26;6;310;31;"collectivités ; festivals";oui;oui;non;non
R2158;Sérigraphie du Lac Troyes;sérigraphe;Troyes;non;moyen;actif;2026-05-30;2;804;112;"clubs sportifs ; brasseries et bars";oui;oui;non;non
R2159;Broderie Zénith;brodeur;Amiens;non;petit;actif;2026-05-27;5;287;44;"entreprises ; collectivités";non;non;non;non
R2160;Agence Grand Angle Amiens;agence;Amiens;non;petit;actif;2026-05-13;19;345;56;"festivals ; entreprises";oui;oui;non;non
R2161;Studio Sud Rouen;agence;Rouen;non;moyen;actif;2026-05-30;2;718;113;"festivals ; brasseries et bars";oui;oui;non;non
R2162;Atelier Mistral Saint-Étienne;sérigraphe;Saint-Étienne;oui;moyen;dormant;2025-12-21;162;504;62;"entreprises ; brasseries et bars";oui;oui;non;non
R2163;Sérigraphie Nacre Namur;sérigraphe;Namur;non;petit;actif;2026-05-30;2;238;37;"clubs sportifs ; associations";oui;oui;non;non
R2164;Les Fils d'Hélice Lille;brodeur;Lille;non;grand;dormant;2025-12-22;161;1460;77;"collectivités ; brasseries et bars";oui;oui;non;oui
R2165;Séri'Origami Strasbourg;sérigraphe;Strasbourg;non;grand;actif;2026-05-30;2;1051;191;"collectivités ; festivals";oui;oui;non;oui
R2166;Sérigraphie Calanque Nancy;sérigraphe;Nancy;non;moyen;actif;2026-05-29;3;519;71;"collectivités ; brasseries et bars";oui;oui;non;non
R2167;Imprim'Trait d'Union;sérigraphe;Rennes;non;moyen;actif;2026-05-31;1;831;112;"collectivités ; festivals";oui;oui;non;non
R2168;Maison Trait d'Union Toulouse;brodeur;Toulouse;non;moyen;actif;2026-05-30;2;739;62;"collectivités ; brasseries et bars";oui;oui;non;non
R2169;Print Granit Marseille;imprimeur;Marseille;oui;petit;dormant;2025-08-15;290;237;8;"collectivités ; associations";oui;non;non;non
R2170;Imprim'Tramontane Nancy;sérigraphe;Nancy;non;petit;actif;2026-05-29;3;270;39;"collectivités ; associations";oui;non;non;non
R2171;Atelier Zénith Béziers;brodeur;Béziers;non;petit;dormant;2025-09-26;248;168;8;"associations ; collectivités";oui;non;non;non
R2172;Marquage Zénith Namur;sérigraphe;Namur;non;grand;actif;2026-05-30;2;1615;178;"entreprises ; brasseries et bars";oui;oui;non;oui
R2173;Impression Perspective Pau;imprimeur;Pau;non;grand;dormant;2025-11-22;191;1068;56;"festivals ; associations";oui;oui;non;oui
R2174;Imprim'Horizon Rennes;sérigraphe;Rennes;non;petit;dormant;2026-01-03;149;272;19;"festivals ; collectivités";oui;oui;non;non
R2175;Atelier Vertigo Dijon;brodeur;Dijon;non;petit;actif;2026-05-25;7;423;44;"associations ; clubs sportifs";oui;oui;non;non
R2176;Studio Amarante Le Mans;sérigraphe;Le Mans;non;moyen;dormant;2025-11-14;199;841;32;"collectivités ; brasseries et bars";oui;oui;non;non
R2177;Brod'Pastel Quimper;brodeur;Quimper;non;moyen;actif;2026-05-31;1;935;86;"brasseries et bars ; entreprises";oui;oui;non;non
R2178;Broderie Kaolin Rouen;brodeur;Rouen;non;petit;dormant;2025-12-28;155;320;30;"festivals ; associations";oui;oui;non;non
R2179;Imprim'du Lac Vannes;sérigraphe;Vannes;non;moyen;dormant;2026-03-05;88;603;77;"brasseries et bars ; associations";oui;oui;non;non
R2180;Imprim'Nord Niort;sérigraphe;Niort;non;moyen;dormant;2025-08-30;275;914;29;"collectivités ; brasseries et bars";oui;oui;non;non
R2181;Imprimerie Garonne Nantes;imprimeur;Nantes;non;moyen;dormant;2026-02-12;109;790;44;"collectivités ; associations";oui;non;non;non
R2182;Marquage Cyan Albi;sérigraphe;Albi;non;petit;dormant;2025-08-19;286;391;7;"brasseries et bars ; clubs sportifs";oui;oui;non;non
R2183;Sérigraphie Grand Angle Dijon;sérigraphe;Dijon;non;petit;dormant;2026-01-29;123;228;40;"collectivités ; associations";oui;non;non;non
R2184;Brod'Deux Rives Amiens;brodeur;Amiens;non;moyen;actif;2026-05-28;4;880;99;"clubs sportifs ; festivals";oui;oui;non;non
R2185;Atelier Granit Angers;sérigraphe;Angers;non;petit;actif;2026-05-27;5;262;41;"associations ; brasseries et bars";oui;oui;non;non
R2186;Impression Quai Chambéry;imprimeur;Chambéry;oui;moyen;dormant;2026-03-09;84;920;88;"collectivités ; festivals";oui;oui;non;non
R2187;Impression Pastel;imprimeur;Grenoble;oui;grand;dormant;2025-11-03;210;1407;70;"collectivités ; brasseries et bars";oui;oui;non;oui
R2188;Collectif Estuaire;agence;Perpignan;non;petit;dormant;2025-12-19;164;401;22;"clubs sportifs ; festivals";oui;oui;non;non
R2189;Point Granit Marseille;brodeur;Marseille;oui;petit;dormant;2025-10-17;227;352;17;"festivals ; brasseries et bars";oui;oui;non;non
R2190;Atelier Vermeil Rouen;sérigraphe;Rouen;non;petit;dormant;2025-12-22;161;298;25;"entreprises ; brasseries et bars";oui;oui;non;non
R2191;Marquage Vermeil;sérigraphe;Rennes;non;petit;dormant;2026-01-08;144;186;28;"brasseries et bars ; entreprises";oui;oui;non;non
R2192;Studio Zénith Angers;agence;Angers;non;moyen;dormant;2026-03-25;68;878;60;"festivals ; brasseries et bars";oui;oui;non;non
R2193;Imprim'Trait d'Union Dijon;sérigraphe;Dijon;non;grand;dormant;2026-02-08;113;1365;157;"festivals ; associations";oui;oui;non;oui
R2194;Broderie Horizon Brest;brodeur;Brest;non;moyen;dormant;2025-09-16;258;691;16;"festivals ; associations";oui;oui;non;non
R2195;Collectif Horizon Quimper;agence;Quimper;non;petit;actif;2026-05-20;12;376;33;"entreprises ; clubs sportifs";oui;oui;non;non
R2196;Studio Origami Annecy;sérigraphe;Annecy;oui;moyen;dormant;2025-08-26;279;490;29;"festivals ; clubs sportifs";oui;oui;non;non
R2197;Les Fils d'Bleu Marine Dijon;brodeur;Dijon;non;petit;actif;2026-05-29;3;373;50;"brasseries et bars ; entreprises";oui;oui;non;non
R2198;Atelier Pastel Troyes;agence;Troyes;non;petit;actif;2026-05-20;12;268;35;"associations ; clubs sportifs";non;oui;non;non
R2199;Séri'Calanque Chambéry;sérigraphe;Chambéry;oui;petit;dormant;2026-02-08;113;244;27;"brasseries et bars ; collectivités";oui;oui;non;non
R2200;Brod'Mistral Namur;brodeur;Namur;non;petit;actif;2026-05-23;9;186;55;"clubs sportifs ; collectivités";oui;oui;non;non
R2201;Atelier Vermeil Limoges;sérigraphe;Limoges;non;moyen;actif;2026-05-29;3;591;106;"brasseries et bars ; clubs sportifs";oui;oui;non;non
R2202;Les Fils d'Ardoise;brodeur;Vannes;non;moyen;actif;2026-05-27;5;666;120;"brasseries et bars ; associations";oui;oui;non;non
R2203;Séri'Ypréau Grenoble;sérigraphe;Grenoble;oui;grand;dormant;2025-07-06;330;2121;15;"festivals ; associations";oui;oui;non;non
R2204;Marquage Granit Bruxelles;sérigraphe;Bruxelles;non;petit;dormant;2025-08-20;285;244;11;"festivals ; associations";oui;oui;non;non
R2205;Sérigraphie Nacre Barcelone;sérigraphe;Barcelone;non;moyen;actif;2026-05-31;1;836;85;"associations ; entreprises";oui;non;non;non
R2206;Atelier Atlantique Nancy;brodeur;Nancy;non;petit;actif;2026-05-23;9;303;36;"collectivités ; festivals";non;oui;non;non
R2207;Sérigraphie Garonne Montpellier;sérigraphe;Montpellier;oui;moyen;actif;2026-05-31;1;662;114;"entreprises ; brasseries et bars";oui;oui;oui;non
R2208;Atelier Zinc Nancy;sérigraphe;Nancy;non;moyen;dormant;2025-11-09;204;987;43;"festivals ; collectivités";oui;oui;non;oui
R2209;Studio Calanque Bayonne;sérigraphe;Bayonne;non;grand;dormant;2026-01-27;125;2176;153;"associations ; clubs sportifs";oui;oui;oui;non
R2210;Atelier Basalte Niort;sérigraphe;Niort;non;petit;actif;2026-05-19;13;411;52;"clubs sportifs ; associations";oui;oui;oui;non
R2211;Atelier Lumière Bayonne;sérigraphe;Bayonne;non;petit;dormant;2026-02-03;118;297;39;"festivals ; entreprises";oui;oui;non;non
R2212;Atelier Jonquille Barcelone;brodeur;Barcelone;non;petit;dormant;2026-02-15;106;379;24;"brasseries et bars ; associations";oui;oui;non;non
R2213;Point Kaolin Lille;brodeur;Lille;non;grand;dormant;2025-11-10;203;1015;67;"collectivités ; clubs sportifs";oui;oui;non;oui
R2214;Studio Sarment Le Mans;sérigraphe;Le Mans;non;petit;dormant;2026-02-09;112;226;43;"associations ; entreprises";oui;non;non;non
R2215;Sérigraphie Rhône Milan;sérigraphe;Milan;non;moyen;dormant;2025-08-15;290;691;24;"entreprises ; clubs sportifs";oui;oui;non;non
R2216;Séri'Sarment Saint-Étienne;sérigraphe;Saint-Étienne;oui;petit;dormant;2025-11-27;186;199;30;"brasseries et bars ; collectivités";oui;oui;non;non
R2217;Broderie Pastel Arras;brodeur;Arras;non;petit;dormant;2025-09-26;248;362;16;"entreprises ; collectivités";oui;non;non;non
R2218;Impression Bleu Marine Quimper;imprimeur;Quimper;non;moyen;dormant;2025-12-17;166;788;45;"entreprises ; clubs sportifs";oui;oui;oui;non
R2219;Séri'Ocre Genève;sérigraphe;Genève;oui;moyen;dormant;2026-01-22;130;627;69;"collectivités ; associations";oui;non;non;non
R2220;Studio Garonne Béziers;agence;Béziers;non;moyen;actif;2026-05-31;1;669;69;"festivals ; brasseries et bars";oui;oui;non;non
R2221;Brod'Lumière Orléans;brodeur;Orléans;non;grand;actif;2026-05-30;2;2283;242;"entreprises ; collectivités";oui;non;non;non
R2222;Studio Grand Angle Brest;sérigraphe;Brest;non;petit;dormant;2026-01-26;126;236;19;"associations ; entreprises";oui;non;non;non
R2223;Sérigraphie Rhône Rouen;sérigraphe;Rouen;non;moyen;dormant;2025-09-21;253;937;19;"entreprises ; collectivités";oui;non;non;non
R2224;Imprim'Alizé Annecy;sérigraphe;Annecy;oui;moyen;actif;2026-05-29;3;918;95;"clubs sportifs ; brasseries et bars";oui;oui;non;non
R2225;Agence Zinc Angers;agence;Angers;non;petit;actif;2026-05-13;19;403;30;"associations ; brasseries et bars";non;oui;non;non
R2226;Broderie Tramontane Arras;brodeur;Arras;non;petit;actif;2026-05-28;4;278;46;"associations ; clubs sportifs";oui;oui;non;non
R2227;Maison des Volcans Clermont-Ferrand;brodeur;Clermont-Ferrand;non;moyen;actif;2026-05-29;3;717;90;"entreprises ; collectivités";oui;non;non;non
R2228;Brod'Pastel Angers;brodeur;Angers;non;petit;dormant;2025-07-07;329;220;3;"clubs sportifs ; collectivités";non;oui;non;non
R2229;Maison Sarment Rouen;brodeur;Rouen;non;moyen;actif;2026-05-31;1;586;117;"associations ; brasseries et bars";oui;oui;non;non
R2230;Brod'Amarante Perpignan;brodeur;Perpignan;non;moyen;actif;2026-05-24;8;793;106;"collectivités ; festivals";oui;oui;non;non
R2231;Atelier Boréal Chambéry;agence;Chambéry;oui;petit;actif;2026-05-29;3;290;51;"entreprises ; brasseries et bars";oui;oui;non;non
R2232;Studio Ubac Mulhouse;agence;Mulhouse;non;petit;dormant;2025-09-08;266;300;22;"collectivités ; clubs sportifs";oui;oui;non;non
R2233;Impression Tandem Turin;imprimeur;Turin;oui;petit;dormant;2025-12-06;177;225;14;"collectivités ; entreprises";non;non;non;non
R2234;Agence Sarment Luxembourg;agence;Luxembourg;non;moyen;actif;2026-05-30;2;557;116;"clubs sportifs ; brasseries et bars";oui;oui;non;non
R2235;Studio Estuaire Avignon;sérigraphe;Avignon;oui;moyen;dormant;2026-03-17;76;797;65;"clubs sportifs ; brasseries et bars";oui;oui;non;non
R2236;Atelier Perspective Albi;agence;Albi;non;moyen;dormant;2025-10-28;216;613;22;"entreprises ; brasseries et bars";oui;oui;non;non
R2237;Atelier Zinc Quimper;sérigraphe;Quimper;non;grand;actif;2026-05-29;3;984;236;"clubs sportifs ; brasseries et bars";oui;oui;non;oui
R2238;Sérigraphie Sarment Nancy;sérigraphe;Nancy;non;petit;actif;2026-05-28;4;196;38;"entreprises ; brasseries et bars";non;oui;oui;non
R2239;Broderie Indigo Saint-Étienne;brodeur;Saint-Étienne;oui;petit;actif;2026-05-20;12;273;39;"associations ; clubs sportifs";oui;oui;non;non
R2240;Atelier Tramontane Toulouse;sérigraphe;Toulouse;non;petit;actif;2026-05-31;1;289;30;"brasseries et bars ; entreprises";non;oui;non;non
R2241;Print Quai;imprimeur;Pau;non;moyen;actif;2026-05-30;2;886;78;"festivals ; entreprises";oui;oui;non;non
R2242;Collectif Boréal Pau;agence;Pau;non;petit;dormant;2026-01-02;150;320;21;"associations ; festivals";oui;oui;non;non
R2243;Marquage Loire Bayonne;sérigraphe;Bayonne;non;petit;actif;2026-05-30;2;183;58;"collectivités ; brasseries et bars";oui;oui;non;non
R2244;Point Hélice Caen;brodeur;Caen;non;petit;actif;2026-05-25;7;329;38;"clubs sportifs ; festivals";oui;oui;non;non
R2245;Séri'Sud Poitiers;sérigraphe;Poitiers;non;petit;dormant;2025-09-30;244;310;19;"entreprises ; collectivités";oui;non;non;non
R2246;Maison Vermeil Montpellier;brodeur;Montpellier;oui;petit;actif;2026-05-30;2;400;57;"associations ; entreprises";oui;non;non;non
R2247;Print Vermeil;imprimeur;Genève;oui;moyen;dormant;2025-07-18;318;608;11;"brasseries et bars ; collectivités";oui;oui;non;non
R2248;Point Ardoise Rennes;brodeur;Rennes;non;petit;actif;2026-05-31;1;172;31;"associations ; brasseries et bars";oui;oui;non;non
R2249;Sérigraphie Lumière Bordeaux;sérigraphe;Bordeaux;non;petit;dormant;2026-03-11;82;341;38;"collectivités ; festivals";oui;oui;non;non
R2250;Sérigraphie Pastel Reims;sérigraphe;Reims;non;petit;actif;2026-05-26;6;410;37;"collectivités ; associations";oui;non;non;non
R2251;Séri'Zénith Nancy;sérigraphe;Nancy;non;petit;actif;2026-05-29;3;203;47;"brasseries et bars ; collectivités";oui;oui;non;non
R2252;Atelier Kaolin Tours;sérigraphe;Tours;non;moyen;dormant;2025-08-24;281;740;16;"associations ; festivals";oui;oui;non;non
R2253;Studio Calanque Genève;sérigraphe;Genève;oui;petit;actif;2026-05-29;3;301;33;"associations ; entreprises";oui;non;non;non
R2254;Point Faubourg Milan;brodeur;Milan;non;petit;actif;2026-05-31;1;310;31;"entreprises ; clubs sportifs";oui;oui;non;non
R2255;Point Granit Reims;brodeur;Reims;non;petit;dormant;2025-07-06;330;174;6;"collectivités ; entreprises";oui;non;non;non
R2256;Marquage Amarante Namur;sérigraphe;Namur;non;grand;dormant;2025-07-23;313;2257;40;"festivals ; clubs sportifs";oui;oui;non;non
R2257;Agence Lumière Grenoble;agence;Grenoble;oui;moyen;actif;2026-05-30;2;890;101;"festivals ; clubs sportifs";oui;oui;non;non
R2258;Collectif Éclat Valence;agence;Valence;oui;petit;actif;2026-05-29;3;327;48;"collectivités ; entreprises";oui;non;non;non
R2259;Marquage Perspective Nancy;sérigraphe;Nancy;non;petit;actif;2026-05-24;8;393;31;"associations ; festivals";oui;oui;non;non
R2260;Atelier Faubourg Arras;sérigraphe;Arras;non;moyen;actif;2026-05-26;6;901;109;"festivals ; entreprises";oui;oui;non;non
R2261;Atelier Lumière Avignon;sérigraphe;Avignon;oui;petit;actif;2026-05-28;4;408;44;"brasseries et bars ; associations";oui;oui;non;non
R2262;Brod'Indigo Orléans;brodeur;Orléans;non;petit;dormant;2026-01-25;127;169;38;"festivals ; brasseries et bars";oui;oui;non;non
R2263;Studio Perspective Annecy;agence;Annecy;oui;petit;dormant;2025-10-07;237;255;12;"collectivités ; brasseries et bars";oui;oui;non;non
R2264;Les Fils d'Atlantique Marseille;brodeur;Marseille;oui;petit;actif;2026-05-24;8;281;59;"entreprises ; clubs sportifs";oui;oui;non;non
R2265;Imprim'Basalte Luxembourg;sérigraphe;Luxembourg;non;petit;dormant;2025-10-09;235;342;8;"entreprises ; brasseries et bars";oui;oui;non;non
R2266;Atelier Cap Ouest Toulouse;brodeur;Toulouse;non;moyen;actif;2026-05-19;13;447;77;"brasseries et bars ; festivals";oui;oui;non;non
R2267;Broderie Bleu Marine Luxembourg;brodeur;Luxembourg;non;petit;dormant;2026-02-05;116;378;31;"collectivités ; festivals";oui;oui;non;non
R2268;Agence Indigo;agence;Nantes;non;petit;dormant;2026-02-24;97;300;38;"entreprises ; collectivités";oui;non;non;non
R2269;Imprim'Sud Brest;sérigraphe;Brest;non;moyen;dormant;2025-10-15;229;511;30;"entreprises ; brasseries et bars";oui;oui;non;non
R2270;Collectif Ocre Arras;agence;Arras;non;moyen;actif;2026-05-27;5;714;89;"clubs sportifs ; collectivités";oui;oui;non;non
R2271;Studio Basalte Poitiers;sérigraphe;Poitiers;non;petit;actif;2026-05-30;2;217;41;"collectivités ; clubs sportifs";oui;oui;non;non
R2272;Point Solstice Rouen;brodeur;Rouen;non;moyen;actif;2026-05-30;2;774;70;"brasseries et bars ; entreprises";oui;oui;non;non
R2273;Séri'Cardinal Amiens;sérigraphe;Amiens;non;grand;dormant;2025-08-17;288;1022;36;"collectivités ; festivals";oui;oui;non;non
R2274;Point Ardoise;brodeur;Caen;non;petit;actif;2026-05-28;4;228;36;"festivals ; brasseries et bars";oui;oui;non;non
R2275;Brod'Ocre Chambéry;brodeur;Chambéry;oui;moyen;actif;2026-05-26;6;930;106;"entreprises ; collectivités";oui;non;non;non
R2276;Studio Atlantique Liège;sérigraphe;Liège;non;moyen;actif;2026-05-31;1;534;104;"brasseries et bars ; collectivités";oui;oui;non;non
R2277;Sérigraphie Ocre Orléans;sérigraphe;Orléans;non;petit;actif;2026-05-29;3;179;49;"festivals ; entreprises";oui;oui;non;non
R2278;Atelier Quai Besançon;sérigraphe;Besançon;non;petit;dormant;2025-10-13;231;229;24;"clubs sportifs ; brasseries et bars";oui;oui;non;non
R2279;Broderie Ricochet Amiens;brodeur;Amiens;non;moyen;dormant;2025-09-16;258;426;26;"festivals ; entreprises";oui;oui;non;non
R2280;Sérigraphie Origami Saint-Étienne;sérigraphe;Saint-Étienne;oui;petit;dormant;2025-09-13;261;308;17;"associations ; brasseries et bars";oui;oui;non;non
R2281;Marquage Jonquille Luxembourg;sérigraphe;Luxembourg;non;grand;dormant;2026-02-03;118;1016;168;"clubs sportifs ; brasseries et bars";oui;oui;non;oui
R2282;Print Ricochet Mulhouse;imprimeur;Mulhouse;non;petit;actif;2026-05-30;2;349;57;"collectivités ; clubs sportifs";oui;oui;non;non
R2283;Point Pastel Caen;brodeur;Caen;non;petit;dormant;2025-10-05;239;386;18;"festivals ; brasseries et bars";oui;oui;non;non
R2284;Collectif Vertigo Rouen;agence;Rouen;non;moyen;actif;2026-05-29;3;858;96;"brasseries et bars ; associations";oui;oui;non;non
R2285;Marquage Cardinal Caen;sérigraphe;Caen;non;moyen;actif;2026-05-25;7;859;68;"brasseries et bars ; associations";oui;oui;non;non
R2286;Séri'Cardinal Caen;sérigraphe;Caen;non;petit;actif;2026-05-25;7;429;52;"clubs sportifs ; associations";oui;oui;non;non
R2287;Atelier Perspective Namur;brodeur;Namur;non;petit;actif;2026-05-28;4;363;48;"associations ; entreprises";oui;non;non;non
R2288;Marquage Quai Arras;sérigraphe;Arras;non;petit;actif;2026-05-24;8;235;58;"festivals ; collectivités";oui;oui;non;non
R2289;Atelier Sud Albi;sérigraphe;Albi;non;petit;actif;2026-05-20;12;156;44;"associations ; clubs sportifs";oui;oui;non;non
R2290;Studio Tandem Tours;sérigraphe;Tours;non;grand;actif;2026-05-28;4;1706;212;"entreprises ; clubs sportifs";oui;oui;non;oui
R2291;Atelier Indigo Caen;sérigraphe;Caen;non;petit;dormant;2025-07-15;321;229;6;"clubs sportifs ; festivals";oui;oui;non;non
R2292;Séri'des Volcans Tours;sérigraphe;Tours;non;moyen;dormant;2025-09-11;263;940;27;"entreprises ; brasseries et bars";oui;oui;non;non
R2293;Marquage Faubourg Tours;sérigraphe;Tours;non;moyen;dormant;2025-08-02;303;536;20;"festivals ; entreprises";oui;oui;non;non
R2294;Sérigraphie Cyan Luxembourg;sérigraphe;Luxembourg;non;petit;actif;2026-05-29;3;191;42;"clubs sportifs ; festivals";oui;oui;non;non
R2295;Séri'Vauban Turin;sérigraphe;Turin;oui;moyen;actif;2026-05-26;6;623;76;"entreprises ; brasseries et bars";oui;oui;non;non
R2296;Studio Tandem Albi;agence;Albi;non;moyen;actif;2026-05-31;1;881;64;"festivals ; brasseries et bars";oui;oui;non;non
R2297;Imprimerie du Lac Limoges;imprimeur;Limoges;non;petit;dormant;2025-08-17;288;262;7;"clubs sportifs ; entreprises";non;oui;non;non
R2298;Atelier Granit Nîmes;brodeur;Nîmes;oui;moyen;actif;2026-05-31;1;426;77;"entreprises ; brasseries et bars";oui;oui;non;non
R2299;Sérigraphie Éclat Barcelone;sérigraphe;Barcelone;non;moyen;actif;2026-05-31;1;846;91;"collectivités ; entreprises";oui;non;non;non
R2300;Atelier Cyan Saint-Étienne;agence;Saint-Étienne;oui;petit;dormant;2025-08-14;291;244;12;"collectivités ; entreprises";oui;non;non;non
R2301;Séri'Nacre Nancy;sérigraphe;Nancy;non;petit;actif;2026-05-28;4;170;31;"brasseries et bars ; associations";oui;oui;non;non
R2302;Agence Boréal Caen;agence;Caen;non;grand;dormant;2025-09-14;260;1384;36;"entreprises ; clubs sportifs";oui;oui;oui;non
R2303;Studio Atlantique Nancy;agence;Nancy;non;moyen;dormant;2026-02-23;98;552;71;"clubs sportifs ; festivals";oui;oui;non;non
R2304;Imprim'Tramontane Quimper;sérigraphe;Quimper;non;moyen;actif;2026-05-29;3;869;110;"associations ; brasseries et bars";oui;oui;non;non
R2305;Collectif Perspective;agence;Nîmes;oui;moyen;dormant;2026-01-16;136;927;46;"entreprises ; festivals";oui;oui;non;non
R2306;Studio Origami Poitiers;sérigraphe;Poitiers;non;petit;actif;2026-05-31;1;384;59;"brasseries et bars ; festivals";oui;oui;non;non
R2307;Broderie Ricochet Saint-Étienne;brodeur;Saint-Étienne;oui;petit;dormant;2026-01-19;133;372;30;"festivals ; brasseries et bars";oui;oui;non;non
R2308;Atelier Trait d'Union Caen;sérigraphe;Caen;non;petit;dormant;2025-07-01;335;196;2;"clubs sportifs ; associations";non;oui;non;non
R2309;Agence Garonne Orléans;agence;Orléans;non;moyen;dormant;2025-09-11;263;507;24;"associations ; collectivités";oui;non;non;non
R2310;Studio Loire Reims;agence;Reims;non;petit;actif;2026-05-14;18;186;47;"brasseries et bars ; collectivités";oui;oui;non;non
R2311;Imprim'Jonquille Valence;sérigraphe;Valence;oui;moyen;actif;2026-05-29;3;727;61;"brasseries et bars ; entreprises";oui;oui;non;non
R2312;Imprim'Ardoise Limoges;sérigraphe;Limoges;non;petit;dormant;2025-08-13;292;200;7;"entreprises ; brasseries et bars";oui;oui;non;non
R2313;Imprim'Sarment Bordeaux;sérigraphe;Bordeaux;non;petit;dormant;2026-01-20;132;356;35;"festivals ; associations";oui;oui;non;non
R2314;Impression Zénith;imprimeur;Toulouse;non;petit;dormant;2026-01-20;132;385;33;"festivals ; brasseries et bars";oui;oui;non;non
R2315;Point Faubourg Lille;brodeur;Lille;non;petit;actif;2026-05-30;2;180;57;"associations ; entreprises";oui;non;non;non
R2316;Atelier Ricochet Arras;sérigraphe;Arras;non;moyen;dormant;2026-02-09;112;790;65;"collectivités ; brasseries et bars";oui;oui;non;non
R2317;Séri'du Lac Albi;sérigraphe;Albi;non;moyen;dormant;2026-03-06;87;533;70;"entreprises ; festivals";oui;oui;oui;non
R2318;Marquage Estuaire Turin;sérigraphe;Turin;oui;moyen;actif;2026-05-03;29;749;68;"entreprises ; festivals";oui;oui;non;non
R2319;Atelier Basalte Perpignan;agence;Perpignan;non;moyen;actif;2026-05-31;1;948;75;"brasseries et bars ; clubs sportifs";oui;oui;non;non
R2320;Studio Tramontane Arras;agence;Arras;non;moyen;actif;2026-05-31;1;781;105;"brasseries et bars ; associations";oui;oui;non;non
R2321;Agence Faubourg Barcelone;agence;Barcelone;non;grand;dormant;2025-10-21;223;1930;106;"brasseries et bars ; clubs sportifs";oui;oui;non;oui
R2322;Broderie Atlantique Lille;brodeur;Lille;non;petit;actif;2026-05-16;16;433;36;"festivals ; collectivités";oui;oui;non;non
R2323;Agence Ardoise Nantes;agence;Nantes;non;grand;actif;2026-05-29;3;1805;127;"entreprises ; festivals";oui;oui;non;oui
R2324;Sérigraphie Basalte Barcelone;sérigraphe;Barcelone;non;petit;actif;2026-05-24;8;284;44;"festivals ; brasseries et bars";oui;oui;non;non
R2325;Atelier Granit Avignon;sérigraphe;Avignon;oui;petit;actif;2026-05-21;11;224;36;"clubs sportifs ; collectivités";oui;oui;non;non
R2326;Collectif Quai Montpellier;agence;Montpellier;oui;grand;dormant;2026-03-27;66;1089;205;"associations ; festivals";oui;oui;non;oui
R2327;Studio Origami Nantes;agence;Nantes;non;moyen;actif;2026-05-27;5;538;71;"brasseries et bars ; associations";oui;oui;non;non
R2328;Print Lumière Perpignan;imprimeur;Perpignan;non;petit;actif;2026-05-31;1;164;42;"associations ; collectivités";oui;non;non;non
R2329;Agence Garonne Rennes;agence;Rennes;non;moyen;actif;2026-05-27;5;470;104;"collectivités ; associations";oui;non;non;non
R2330;Atelier Atlantique Strasbourg;sérigraphe;Strasbourg;non;moyen;dormant;2026-03-14;79;448;89;"festivals ; entreprises";oui;oui;non;non
R2331;Atelier Ricochet Albi;sérigraphe;Albi;non;moyen;dormant;2026-02-05;116;782;54;"associations ; festivals";oui;oui;non;non
R2332;Séri'Rhône Marseille;sérigraphe;Marseille;oui;grand;dormant;2026-02-03;118;1018;93;"associations ; clubs sportifs";oui;oui;non;oui
R2333;Agence Calanque Pau;agence;Pau;non;moyen;dormant;2025-11-18;195;878;35;"brasseries et bars ; collectivités";oui;oui;non;non
R2334;Print Bleu Marine;imprimeur;Bayonne;non;petit;actif;2026-05-21;11;161;38;"brasseries et bars ; festivals";oui;oui;non;non
R2335;Imprimerie Cap Ouest Limoges;imprimeur;Limoges;non;petit;actif;2026-05-25;7;279;54;"collectivités ; entreprises";oui;non;non;non
R2336;Atelier Rhône Grenoble;agence;Grenoble;oui;petit;actif;2026-05-31;1;323;38;"associations ; collectivités";oui;non;non;non
R2337;Séri'Deux Rives Metz;sérigraphe;Metz;non;moyen;dormant;2025-08-24;281;686;17;"entreprises ; brasseries et bars";oui;oui;non;non
R2338;Sérigraphie Vertigo Béziers;sérigraphe;Béziers;non;petit;dormant;2025-09-27;247;241;15;"entreprises ; festivals";oui;oui;non;non
R2339;Studio Cardinal Rouen;sérigraphe;Rouen;non;grand;dormant;2026-01-17;135;1643;89;"associations ; collectivités";oui;non;non;non
R2340;Brod'Alizé Rennes;brodeur;Rennes;non;moyen;dormant;2025-09-11;263;797;23;"clubs sportifs ; brasseries et bars";oui;oui;non;non
R2341;Marquage Mistral La Rochelle;sérigraphe;La Rochelle;non;petit;actif;2026-05-15;17;274;30;"entreprises ; brasseries et bars";oui;oui;non;non
R2342;Atelier Hélice Lille;sérigraphe;Lille;non;petit;dormant;2025-10-11;233;382;25;"associations ; clubs sportifs";oui;oui;non;non
R2343;Atelier Horizon Chambéry;sérigraphe;Chambéry;oui;moyen;dormant;2025-10-05;239;611;42;"brasseries et bars ; festivals";oui;oui;non;non
R2344;Atelier Lumière Orléans;sérigraphe;Orléans;non;petit;actif;2026-05-16;16;263;58;"entreprises ; brasseries et bars";oui;oui;non;non
R2345;Studio Sarment Rouen;sérigraphe;Rouen;non;petit;dormant;2025-07-02;334;180;2;"associations ; brasseries et bars";non;oui;non;non
R2346;Sérigraphie Indigo Marseille;sérigraphe;Marseille;oui;petit;actif;2026-05-25;7;398;42;"collectivités ; clubs sportifs";oui;oui;non;non
R2347;Studio Bleu Marine Lyon;agence;Lyon;oui;petit;actif;2026-05-21;11;364;51;"festivals ; associations";oui;oui;non;non
R2348;Sérigraphie Boréal Mulhouse;sérigraphe;Mulhouse;non;moyen;actif;2026-05-26;6;884;86;"festivals ; brasseries et bars";oui;oui;non;non
R2349;Atelier Calanque Poitiers;agence;Poitiers;non;grand;actif;2026-05-31;1;2269;234;"collectivités ; brasseries et bars";oui;oui;non;oui
R2350;Séri'Cyan Tours;sérigraphe;Tours;non;petit;dormant;2025-12-05;178;252;24;"festivals ; collectivités";oui;oui;non;non
R2351;Textiprint Vertigo Grenoble;imprimeur;Grenoble;oui;petit;dormant;2026-03-11;82;325;42;"festivals ; associations";oui;oui;non;non
R2352;Atelier Atlantique Amiens;sérigraphe;Amiens;non;petit;actif;2026-04-28;34;274;37;"collectivités ; entreprises";oui;non;oui;non
R2353;Marquage Bleu Marine Milan;sérigraphe;Milan;non;moyen;dormant;2025-10-14;230;575;41;"collectivités ; entreprises";oui;non;non;non
R2354;Studio Cardinal Clermont-Ferrand;agence;Clermont-Ferrand;non;grand;dormant;2025-07-08;328;992;22;"brasseries et bars ; collectivités";oui;oui;non;non
R2355;Atelier Cardinal Saint-Étienne;sérigraphe;Saint-Étienne;oui;petit;dormant;2025-12-09;174;282;27;"collectivités ; clubs sportifs";oui;oui;non;non
R2356;Impression Ocre;imprimeur;Avignon;oui;petit;dormant;2025-07-26;310;412;7;"clubs sportifs ; festivals";oui;oui;oui;non
R2357;Imprimerie Lumière Bordeaux;imprimeur;Bordeaux;non;moyen;actif;2026-05-31;1;539;96;"associations ; collectivités";oui;non;non;non
R2358;Broderie Ocre Bruxelles;brodeur;Bruxelles;non;petit;actif;2026-05-26;6;400;40;"festivals ; brasseries et bars";oui;oui;non;non
R2359;Maison Atlantique Rennes;brodeur;Rennes;non;petit;actif;2026-05-25;7;296;45;"associations ; collectivités";oui;non;non;non
R2360;Atelier Quai Avignon;agence;Avignon;oui;petit;dormant;2025-12-22;161;167;38;"festivals ; collectivités";oui;oui;non;non
R2361;Atelier Origami Saint-Étienne;brodeur;Saint-Étienne;oui;petit;actif;2026-05-30;2;188;35;"festivals ; associations";non;oui;non;non
R2362;Atelier Sud Liège;sérigraphe;Liège;non;petit;dormant;2026-01-05;147;256;25;"entreprises ; festivals";oui;oui;non;non
R2363;Atelier Kaolin Béziers;brodeur;Béziers;non;petit;actif;2026-05-30;2;296;54;"collectivités ; entreprises";oui;non;non;non
R2364;Maison Origami Metz;brodeur;Metz;non;moyen;dormant;2025-07-10;326;482;4;"associations ; entreprises";oui;non;non;non
R2365;Atelier Sud Turin;agence;Turin;oui;petit;actif;2026-05-16;16;374;41;"clubs sportifs ; entreprises";oui;oui;non;non
R2366;Print Garonne;imprimeur;Orléans;non;moyen;actif;2026-05-31;1;704;63;"festivals ; brasseries et bars";oui;oui;non;non
R2367;Brod'Horizon Angers;brodeur;Angers;non;petit;dormant;2025-11-08;205;245;16;"collectivités ; entreprises";oui;non;non;non
R2368;Print Basalte Saint-Étienne;imprimeur;Saint-Étienne;oui;petit;dormant;2025-12-08;175;372;24;"entreprises ; festivals";oui;oui;non;non
R2369;Atelier Horizon Albi;sérigraphe;Albi;non;petit;dormant;2025-12-26;157;267;33;"entreprises ; festivals";oui;oui;non;non
R2370;Atelier Zénith Vannes;agence;Vannes;non;petit;dormant;2026-01-24;128;292;28;"brasseries et bars ; associations";oui;oui;oui;non
R2371;Atelier Quai Troyes;brodeur;Troyes;non;petit;actif;2026-05-06;26;201;43;"clubs sportifs ; brasseries et bars";oui;oui;non;non
R2372;Studio Bleu Marine Le Mans;agence;Le Mans;non;petit;dormant;2025-12-01;182;407;23;"associations ; festivals";oui;oui;non;non
R2373;Les Fils d'Lumière Chambéry;brodeur;Chambéry;oui;moyen;actif;2026-05-27;5;912;72;"collectivités ; entreprises";oui;non;non;non
R2374;Studio Ubac Lausanne;sérigraphe;Lausanne;oui;moyen;dormant;2026-03-28;65;821;88;"collectivités ; clubs sportifs";oui;oui;non;non
R2375;Maison Sud Metz;brodeur;Metz;non;moyen;actif;2026-05-23;9;743;88;"clubs sportifs ; entreprises";oui;oui;non;non
R2376;Sérigraphie Rhône Lausanne;sérigraphe;Lausanne;oui;grand;actif;2026-05-30;2;1763;152;"entreprises ; collectivités";oui;non;non;non
R2377;Studio Lumière Toulouse;sérigraphe;Toulouse;non;petit;actif;2026-05-31;1;175;51;"associations ; entreprises";oui;non;non;non
R2378;Textiprint Éclat Béziers;imprimeur;Béziers;non;petit;actif;2026-05-24;8;370;41;"associations ; festivals";oui;oui;non;non
R2379;Agence Zinc Nîmes;agence;Nîmes;oui;petit;actif;2026-05-14;18;260;54;"collectivités ; brasseries et bars";oui;oui;non;non
R2380;Marquage Boréal Toulouse;sérigraphe;Toulouse;non;petit;actif;2026-05-26;6;365;57;"festivals ; associations";oui;oui;non;non
R2381;Broderie Grand Angle Bayonne;brodeur;Bayonne;non;petit;actif;2026-05-29;3;214;40;"clubs sportifs ; entreprises";oui;oui;oui;non
R2382;Atelier Perspective Lyon;agence;Lyon;oui;petit;actif;2026-05-09;23;250;53;"clubs sportifs ; associations";oui;oui;non;non
R2383;Collectif Garonne Annecy;agence;Annecy;oui;moyen;dormant;2025-09-03;271;771;26;"brasseries et bars ; festivals";oui;oui;non;non
R2384;Broderie Ardoise Bayonne;brodeur;Bayonne;non;moyen;actif;2026-05-24;8;668;81;"clubs sportifs ; collectivités";oui;oui;non;non
R2385;Imprim'Hélice Avignon;sérigraphe;Avignon;oui;petit;dormant;2025-07-06;330;255;9;"collectivités ; entreprises";oui;non;non;non
R2386;Textiprint Amarante;imprimeur;Perpignan;non;grand;dormant;2025-11-30;183;1312;102;"collectivités ; entreprises";oui;non;non;non
R2387;Séri'Horizon Genève;sérigraphe;Genève;oui;petit;dormant;2025-11-23;190;388;30;"clubs sportifs ; associations";oui;oui;non;non
R2388;Marquage Ypréau Perpignan;sérigraphe;Perpignan;non;moyen;dormant;2026-01-28;124;691;49;"festivals ; associations";oui;oui;non;non
R2389;Broderie Cyan Niort;brodeur;Niort;non;petit;dormant;2025-08-12;293;230;11;"brasseries et bars ; associations";oui;oui;non;non
R2390;Agence Horizon Arras;agence;Arras;non;petit;actif;2026-05-29;3;169;42;"brasseries et bars ; festivals";oui;oui;non;non
R2391;Studio Pastel Genève;sérigraphe;Genève;oui;moyen;dormant;2025-10-21;223;595;39;"festivals ; clubs sportifs";oui;oui;non;non
R2392;Maison Solstice Dijon;brodeur;Dijon;non;grand;actif;2026-05-31;1;1932;239;"festivals ; associations";oui;oui;non;oui
R2393;Collectif Rhône Liège;agence;Liège;non;moyen;dormant;2025-11-14;199;637;49;"festivals ; brasseries et bars";oui;oui;non;non
R2394;Atelier Alizé Reims;sérigraphe;Reims;non;moyen;dormant;2025-12-13;170;848;54;"clubs sportifs ; festivals";oui;oui;non;non
R2395;Broderie Horizon Béziers;brodeur;Béziers;non;petit;actif;2026-05-12;20;330;49;"collectivités ; associations";oui;non;non;non
R2396;Séri'Amarante Tours;sérigraphe;Tours;non;petit;actif;2026-05-30;2;301;47;"entreprises ; clubs sportifs";oui;oui;non;non
R2397;Agence Vauban Albi;agence;Albi;non;moyen;actif;2026-05-26;6;596;70;"entreprises ; clubs sportifs";non;oui;non;non
R2398;Marquage Sarment Nancy;sérigraphe;Nancy;non;petit;actif;2026-05-31;1;298;34;"entreprises ; associations";oui;non;non;non
R2399;Imprim'Basalte Montpellier;sérigraphe;Montpellier;oui;moyen;actif;2026-05-27;5;578;99;"brasseries et bars ; clubs sportifs";oui;oui;non;non
R2400;Imprimerie Sud Barcelone;imprimeur;Barcelone;non;petit;actif;2026-05-28;4;330;33;"associations ; festivals";oui;oui;non;non
